Workbook
Name Prime_1: [1]Données!#REF!
Name Prime_2: [1]Données!#REF!
Name Prime_3: [1]Données!#REF!
Name Salaire_annuel: [1]Données!#REF!
Name Salaire_mensuel: [1]Données!#REF!

Sheet TDB
C1: TDB RH NADOR -12/25
C3: Turnover | E3: CDI | F3: ANAPEC | G3: % Encadrement | I3: Séniorité | K3: Recrutement | M3: Depart
C4: ='Pyramide age'!AR16 -> 0.15769231 | E4: =COUNTIF(EFFECTIF!O:O,E3) -> 139 | F4: =COUNTIF(EFFECTIF!O:O,F3) -> 7 | G4: ='Pyramide age'!AR20 -> 0.063291139 | I4: =AVERAGE(EFFECTIF!S2:S159) -> 13.736287 | K4: =mouvement!F33 -> 29 | M4: =mouvement!F49 -> 12
J27: Homme | L27: Femme | N27: Total
I28: AM | J28: =COUNTIFS(EFFECTIF!R:R,1,EFFECTIF!K:K,1,EFFECTIF!E:E,"Maitrise") -> 49 | L28: =COUNTIFS(EFFECTIF!R:R,2,EFFECTIF!K:K,1,EFFECTIF!E:E,"Maitrise") -> 6 | N28: =J28+L28 -> 55
I29: EMPLOYE | J29: =COUNTIFS(EFFECTIF!R:R,1,EFFECTIF!K:K,1,EFFECTIF!E:E,"Employé") -> 81 | L29: =COUNTIFS(EFFECTIF!R:R,2,EFFECTIF!K:K,1,EFFECTIF!E:E,"Employé") -> 0 | N29: =J29+L29 -> 81
I30: CADRE | J30: =COUNTIFS(EFFECTIF!R:R,1,EFFECTIF!K:K,1,EFFECTIF!E:E,"Cadre") -> 10 | L30: =COUNTIFS(EFFECTIF!R:R,2,EFFECTIF!K:K,1,EFFECTIF!E:E,"Cadre") -> 0 | N30: =J30+L30 -> 10
I31: Total | J31: =SUM(J28:K30) -> 140 | L31: =SUM(L28:M30) -> 6 | N31: =J31+L31 -> 146

Sheet EFFECTIF
A1: MATRICULE | B1: NOM | C1: PRENOM | D1: Lieu de travail | E1: Collège | F1: DEB_CONTRAT | G1: C cout | H1: Date de naissance | I1: Date retraite | J1: Date de départ | K1: Toujours à la sonasid la sonasid | L1: Motif | M1: Âge | N1: Sexe | O1: Type contrat | P1: affectation | Q1: pyramide age | R1: H/F | S1: ANCIENNTE | T1: pyramide ANCIENNTE
A2: 239 | B2: BELHASSANI | C2: OMAR | D2: Nador | E2: Maitrise | F2: 31348 | G2: "2MAI10 | H2: 24093 | I2: =H2+(365.25*60) -> 46008 | K2: 1 | M2: =K2*(DATEDIF(H2,TODAY(),"m")/12) -> 60.5 | N2: Mr | O2: CDI | P2: NADOR | Q2: =IF(K2=1,IF(Paramètres!$E$9,IF(M2<Paramètres!$B$13,Paramètres!$C$13,IF(M2<Paramètres!$B$14,Paramètres!$C$14,IF(M2<Paramètres!$B$15,Paramètres!$C$15,IF(M2<Paramètres!$B$16,Paramètres!$C$16,IF(M2<Paramètres!$B$17,Paramètres!$C$17,IF(M2<Paramètres!$B$18,Paramètres!$C$18,IF(M2<Paramètres!$B$19,Paramètres!$C$19,IF(M2<Paramètres!$B$20,Paramètres!$C$20,IF(M2<Paramètres!$B$21,Paramètres!$C$21,Paramètres!$C$22))))))))),M2),"") -> De 60 à 64 ans | R2: =+IF(N2="Mr",1,2) -> 1 | S2: =DATEDIF(F2,TODAY(),"m")/12 -> 40.666667 | T2: =IF(K2=1,IF(Paramètres!$E$25,IF(S2<Paramètres!$B$29,Paramètres!$C$29,IF(S2<Paramètres!$B$30,Paramètres!$C$30,IF(S2<Paramètres!$B$31,Paramètres!$C$31,IF(S2<Paramètres!$B$32,Paramètres!$C$32,IF(S2<Paramètres!$B$33,Paramètres!$C$33,IF(S2<Paramètres!$B$34,Paramètres!$C$34,IF(S2<Paramètres!$B$35,Paramètres!$C$35,IF(S2<Paramètres!$B$36,Paramètres!$C$36,IF(S2<Paramètres!$B$37,Paramètres!$C$37,Paramètres!$C$38))))))))),[3]Données!P453),"") -> De 40 à 49 ans
A3: 302 | B3: CHOUA | C3: MOHAMED | D3: Nador | E3: Maitrise | F3: 32470 | G3: "2NAD01 | H3: 23923 | I3: =H3+(365.25*60) -> 45838 | J3: 45838 | K3: 0 | L3: Retraite | M3: =K3*(DATEDIF(H3,TODAY(),"m")/12) -> 0 | N3: Mr | P3: NADOR | Q3: =IF(K3=1,IF(Paramètres!$E$9,IF(M3<Paramètres!$B$13,Paramètres!$C$13,IF(M3<Paramètres!$B$14,Paramètres!$C$14,IF(M3<Paramètres!$B$15,Paramètres!$C$15,IF(M3<Paramètres!$B$16,Paramètres!$C$16,IF(M3<Paramètres!$B$17,Paramètres!$C$17,IF(M3<Paramètres!$B$18,Paramètres!$C$18,IF(M3<Paramètres!$B$19,Paramètres!$C$19,IF(M3<Paramètres!$B$20,Paramètres!$C$20,IF(M3<Paramètres!$B$21,Paramètres!$C$21,Paramètres!$C$22))))))))),M3),"") | R3: =+IF(N3="Mr",1,2) -> 1 | S3: =K3*(DATEDIF(F3,TODAY(),"m")/12) -> 0 | T3: =IF(K3=1,IF(Paramètres!$E$25,IF(S3<Paramètres!$B$29,Paramètres!$C$29,IF(S3<Paramètres!$B$30,Paramètres!$C$30,IF(S3<Paramètres!$B$31,Paramètres!$C$31,IF(S3<Paramètres!$B$32,Paramètres!$C$32,IF(S3<Paramètres!$B$33,Paramètres!$C$33,IF(S3<Paramètres!$B$34,Paramètres!$C$34,IF(S3<Paramètres!$B$35,Paramètres!$C$35,IF(S3<Paramètres!$B$36,Paramètres!$C$36,IF(S3<Paramètres!$B$37,Paramètres!$C$37,Paramètres!$C$38))))))))),[3]Données!P600),"")
A4: 309 | B4: AMDARI | C4: MUSTAPHA | D4: Nador | E4: Maitrise | F4: 32539 | G4: "2FIB01 | H4: 25653 | I4: =H4+(365.25*60) -> 47568 | K4: 1 | M4: =K4*(DATEDIF(H4,TODAY(),"m")/12) -> 56.25 | N4: Mr | O4: CDI | P4: NADOR | Q4: =IF(K4=1,IF(Paramètres!$E$9,IF(M4<Paramètres!$B$13,Paramètres!$C$13,IF(M4<Paramètres!$B$14,Paramètres!$C$14,IF(M4<Paramètres!$B$15,Paramètres!$C$15,IF(M4<Paramètres!$B$16,Paramètres!$C$16,IF(M4<Paramètres!$B$17,Paramètres!$C$17,IF(M4<Paramètres!$B$18,Paramètres!$C$18,IF(M4<Paramètres!$B$19,Paramètres!$C$19,IF(M4<Paramètres!$B$20,Paramètres!$C$20,IF(M4<Paramètres!$B$21,Paramètres!$C$21,Paramètres!$C$22))))))))),M4),"") -> De 55 à 59 ans | R4: =+IF(N4="Mr",1,2) -> 1 | S4: =DATEDIF(F4,TODAY(),"m")/12 -> 37.416667 | T4: =IF(K4=1,IF(Paramètres!$E$25,IF(S4<Paramètres!$B$29,Paramètres!$C$29,IF(S4<Paramètres!$B$30,Paramètres!$C$30,IF(S4<Paramètres!$B$31,Paramètres!$C$31,IF(S4<Paramètres!$B$32,Paramètres!$C$32,IF(S4<Paramètres!$B$33,Paramètres!$C$33,IF(S4<Paramètres!$B$34,Paramètres!$C$34,IF(S4<Paramètres!$B$35,Paramètres!$C$35,IF(S4<Paramètres!$B$36,Paramètres!$C$36,IF(S4<Paramètres!$B$37,Paramètres!$C$37,Paramètres!$C$38))))))))),[3]Données!P454),"") -> De 35 à 39 ans
A5: 324 | B5: EL KADAOUI | C5: HASSAN | D5: Nador | E5: Maitrise | F5: 32822 | G5: "2PRO05 | H5: 23892 | I5: =H5+(365.25*60) -> 45807 | J5: 45807 | K5: 0 | L5: Retraite | M5: =K5*(DATEDIF(H5,TODAY(),"m")/12) -> 0 | N5: Mr | P5: NADOR | Q5: =IF(K5=1,IF(Paramètres!$E$9,IF(M5<Paramètres!$B$13,Paramètres!$C$13,IF(M5<Paramètres!$B$14,Paramètres!$C$14,IF(M5<Paramètres!$B$15,Paramètres!$C$15,IF(M5<Paramètres!$B$16,Paramètres!$C$16,IF(M5<Paramètres!$B$17,Paramètres!$C$17,IF(M5<Paramètres!$B$18,Paramètres!$C$18,IF(M5<Paramètres!$B$19,Paramètres!$C$19,IF(M5<Paramètres!$B$20,Paramètres!$C$20,IF(M5<Paramètres!$B$21,Paramètres!$C$21,Paramètres!$C$22))))))))),M5),"") | R5: =+IF(N5="Mr",1,2) -> 1 | S5: =K5*(DATEDIF(F5,TODAY(),"m")/12) -> 0 | T5: =IF(K5=1,IF(Paramètres!$E$25,IF(S5<Paramètres!$B$29,Paramètres!$C$29,IF(S5<Paramètres!$B$30,Paramètres!$C$30,IF(S5<Paramètres!$B$31,Paramètres!$C$31,IF(S5<Paramètres!$B$32,Paramètres!$C$32,IF(S5<Paramètres!$B$33,Paramètres!$C$33,IF(S5<Paramètres!$B$34,Paramètres!$C$34,IF(S5<Paramètres!$B$35,Paramètres!$C$35,IF(S5<Paramètres!$B$36,Paramètres!$C$36,IF(S5<Paramètres!$B$37,Paramètres!$C$37,Paramètres!$C$38))))))))),[3]Données!P601),"")
A6: 325 | B6: LAMRINI | C6: MIMOUN | D6: Nador | E6: Maitrise | F6: 32822 | G6: "2PRO02 | H6: 24277 | I6: =H6+(365.25*60) -> 46192 | K6: 1 | M6: =K6*(DATEDIF(H6,TODAY(),"m")/12) -> 60 | N6: Mr | O6: CDI | P6: NADOR | Q6: =IF(K6=1,IF(Paramètres!$E$9,IF(M6<Paramètres!$B$13,Paramètres!$C$13,IF(M6<Paramètres!$B$14,Paramètres!$C$14,IF(M6<Paramètres!$B$15,Paramètres!$C$15,IF(M6<Paramètres!$B$16,Paramètres!$C$16,IF(M6<Paramètres!$B$17,Paramètres!$C$17,IF(M6<Paramètres!$B$18,Paramètres!$C$18,IF(M6<Paramètres!$B$19,Paramètres!$C$19,IF(M6<Paramètres!$B$20,Paramètres!$C$20,IF(M6<Paramètres!$B$21,Paramètres!$C$21,Paramètres!$C$22))))))))),M6),"") -> De 60 à 64 ans | R6: =+IF(N6="Mr",1,2) -> 1 | S6: =DATEDIF(F6,TODAY(),"m")/12 -> 36.583333 | T6: =IF(K6=1,IF(Paramètres!$E$25,IF(S6<Paramètres!$B$29,Paramètres!$C$29,IF(S6<Paramètres!$B$30,Paramètres!$C$30,IF(S6<Paramètres!$B$31,Paramètres!$C$31,IF(S6<Paramètres!$B$32,Paramètres!$C$32,IF(S6<Paramètres!$B$33,Paramètres!$C$33,IF(S6<Paramètres!$B$34,Paramètres!$C$34,IF(S6<Paramètres!$B$35,Paramètres!$C$35,IF(S6<Paramètres!$B$36,Paramètres!$C$36,IF(S6<Paramètres!$B$37,Paramètres!$C$37,Paramètres!$C$38))))))))),[3]Données!P455),"") -> De 35 à 39 ans
A7: 332 | B7: RHANJATI | C7: MOHAMED | D7: Nador | E7: Employé | F7: 32898 | G7: "2PRO06 | H7: 26218 | I7: =H7+(365.25*60) -> 48133 | K7: 1 | M7: =K7*(DATEDIF(H7,TODAY(),"m")/12) -> 54.666667 | N7: Mr | O7: CDI | P7: NADOR | Q7: =IF(K7=1,IF(Paramètres!$E$9,IF(M7<Paramètres!$B$13,Paramètres!$C$13,IF(M7<Paramètres!$B$14,Paramètres!$C$14,IF(M7<Paramètres!$B$15,Paramètres!$C$15,IF(M7<Paramètres!$B$16,Paramètres!$C$16,IF(M7<Paramètres!$B$17,Paramètres!$C$17,IF(M7<Paramètres!$B$18,Paramètres!$C$18,IF(M7<Paramètres!$B$19,Paramètres!$C$19,IF(M7<Paramètres!$B$20,Paramètres!$C$20,IF(M7<Paramètres!$B$21,Paramètres!$C$21,Paramètres!$C$22))))))))),M7),"") -> De 50 à 54 ans | R7: =+IF(N7="Mr",1,2) -> 1 | S7: =K7*(DATEDIF(F7,TODAY(),"m")/12) -> 36.416667 | T7: =IF(K7=1,IF(Paramètres!$E$25,IF(S7<Paramètres!$B$29,Paramètres!$C$29,IF(S7<Paramètres!$B$30,Paramètres!$C$30,IF(S7<Paramètres!$B$31,Paramètres!$C$31,IF(S7<Paramètres!$B$32,Paramètres!$C$32,IF(S7<Paramètres!$B$33,Paramètres!$C$33,IF(S7<Paramètres!$B$34,Paramètres!$C$34,IF(S7<Paramètres!$B$35,Paramètres!$C$35,IF(S7<Paramètres!$B$36,Paramètres!$C$36,IF(S7<Paramètres!$B$37,Paramètres!$C$37,Paramètres!$C$38))))))))),[3]Données!P456),"") -> De 35 à 39 ans
A8: 333 | B8: BOUAAMAMA | C8: BOUCHTA | D8: Nador | E8: Employé | F8: 32905 | G8: "2PRO02 | H8: 25435 | I8: =H8+(365.25*60) -> 47350 | K8: 1 | M8: =K8*(DATEDIF(H8,TODAY(),"m")/12) -> 56.833333 | N8: Mr | O8: CDI | P8: NADOR | Q8: =IF(K8=1,IF(Paramètres!$E$9,IF(M8<Paramètres!$B$13,Paramètres!$C$13,IF(M8<Paramètres!$B$14,Paramètres!$C$14,IF(M8<Paramètres!$B$15,Paramètres!$C$15,IF(M8<Paramètres!$B$16,Paramètres!$C$16,IF(M8<Paramètres!$B$17,Paramètres!$C$17,IF(M8<Paramètres!$B$18,Paramètres!$C$18,IF(M8<Paramètres!$B$19,Paramètres!$C$19,IF(M8<Paramètres!$B$20,Paramètres!$C$20,IF(M8<Paramètres!$B$21,Paramètres!$C$21,Paramètres!$C$22))))))))),M8),"") -> De 55 à 59 ans | R8: =+IF(N8="Mr",1,2) -> 1 | S8: =K8*(DATEDIF(F8,TODAY(),"m")/12) -> 36.416667 | T8: =IF(K8=1,IF(Paramètres!$E$25,IF(S8<Paramètres!$B$29,Paramètres!$C$29,IF(S8<Paramètres!$B$30,Paramètres!$C$30,IF(S8<Paramètres!$B$31,Paramètres!$C$31,IF(S8<Paramètres!$B$32,Paramètres!$C$32,IF(S8<Paramètres!$B$33,Paramètres!$C$33,IF(S8<Paramètres!$B$34,Paramètres!$C$34,IF(S8<Paramètres!$B$35,Paramètres!$C$35,IF(S8<Paramètres!$B$36,Paramètres!$C$36,IF(S8<Paramètres!$B$37,Paramètres!$C$37,Paramètres!$C$38))))))))),[3]Données!P457),"") -> De 35 à 39 ans
A9: 338 | B9: AKALAI | C9: MIMOUN | D9: Nador | E9: Maitrise | F9: 33001 | G9: "2PRO06 | H9: 24284 | I9: =H9+(365.25*60) -> 46199 | K9: 1 | M9: =K9*(DATEDIF(H9,TODAY(),"m")/12) -> 60 | N9: Mr | O9: CDI | P9: NADOR | Q9: =IF(K9=1,IF(Paramètres!$E$9,IF(M9<Paramètres!$B$13,Paramètres!$C$13,IF(M9<Paramètres!$B$14,Paramètres!$C$14,IF(M9<Paramètres!$B$15,Paramètres!$C$15,IF(M9<Paramètres!$B$16,Paramètres!$C$16,IF(M9<Paramètres!$B$17,Paramètres!$C$17,IF(M9<Paramètres!$B$18,Paramètres!$C$18,IF(M9<Paramètres!$B$19,Paramètres!$C$19,IF(M9<Paramètres!$B$20,Paramètres!$C$20,IF(M9<Paramètres!$B$21,Paramètres!$C$21,Paramètres!$C$22))))))))),M9),"") -> De 60 à 64 ans | R9: =+IF(N9="Mr",1,2) -> 1 | S9: =K9*(DATEDIF(F9,TODAY(),"m")/12) -> 36.083333 | T9: =IF(K9=1,IF(Paramètres!$E$25,IF(S9<Paramètres!$B$29,Paramètres!$C$29,IF(S9<Paramètres!$B$30,Paramètres!$C$30,IF(S9<Paramètres!$B$31,Paramètres!$C$31,IF(S9<Paramètres!$B$32,Paramètres!$C$32,IF(S9<Paramètres!$B$33,Paramètres!$C$33,IF(S9<Paramètres!$B$34,Paramètres!$C$34,IF(S9<Paramètres!$B$35,Paramètres!$C$35,IF(S9<Paramètres!$B$36,Paramètres!$C$36,IF(S9<Paramètres!$B$37,Paramètres!$C$37,Paramètres!$C$38))))))))),[3]Données!P458),"") -> De 35 à 39 ans
A10: 341 | B10: ALAOUI | C10: MOULAY MUSTAPHA | D10: Nador | E10: Employé | F10: 33072 | G10: "2PRO02 | H10: 24439 | I10: =H10+(365.25*60) -> 46354 | K10: 1 | M10: =K10*(DATEDIF(H10,TODAY(),"m")/12) -> 59.583333 | N10: Mr | O10: CDI | P10: NADOR | Q10: =IF(K10=1,IF(Paramètres!$E$9,IF(M10<Paramètres!$B$13,Paramètres!$C$13,IF(M10<Paramètres!$B$14,Paramètres!$C$14,IF(M10<Paramètres!$B$15,Paramètres!$C$15,IF(M10<Paramètres!$B$16,Paramètres!$C$16,IF(M10<Paramètres!$B$17,Paramètres!$C$17,IF(M10<Paramètres!$B$18,Paramètres!$C$18,IF(M10<Paramètres!$B$19,Paramètres!$C$19,IF(M10<Paramètres!$B$20,Paramètres!$C$20,IF(M10<Paramètres!$B$21,Paramètres!$C$21,Paramètres!$C$22))))))))),M10),"") -> De 55 à 59 ans | R10: =+IF(N10="Mr",1,2) -> 1 | S10: =K10*(DATEDIF(F10,TODAY(),"m")/12) -> 35.916667 | T10: =IF(K10=1,IF(Paramètres!$E$25,IF(S10<Paramètres!$B$29,Paramètres!$C$29,IF(S10<Paramètres!$B$30,Paramètres!$C$30,IF(S10<Paramètres!$B$31,Paramètres!$C$31,IF(S10<Paramètres!$B$32,Paramètres!$C$32,IF(S10<Paramètres!$B$33,Paramètres!$C$33,IF(S10<Paramètres!$B$34,Paramètres!$C$34,IF(S10<Paramètres!$B$35,Paramètres!$C$35,IF(S10<Paramètres!$B$36,Paramètres!$C$36,IF(S10<Paramètres!$B$37,Paramètres!$C$37,Paramètres!$C$38))))))))),[3]Données!P459),"") -> De 35 à 39 ans
A11: 344 | B11: EL AMMARI | C11: MOHAMED | D11: Nador | E11: Maitrise | F11: 33085 | G11: "2FIB01 | H11: 24038 | I11: =H11+(365.25*60) -> 45953 | J11: 45953 | K11: 0 | L11: Retraite | M11: =K11*(DATEDIF(H11,TODAY(),"m")/12) -> 0 | N11: Mr | P11: NADOR | Q11: =IF(K11=1,IF(Paramètres!$E$9,IF(M11<Paramètres!$B$13,Paramètres!$C$13,IF(M11<Paramètres!$B$14,Paramètres!$C$14,IF(M11<Paramètres!$B$15,Paramètres!$C$15,IF(M11<Paramètres!$B$16,Paramètres!$C$16,IF(M11<Paramètres!$B$17,Paramètres!$C$17,IF(M11<Paramètres!$B$18,Paramètres!$C$18,IF(M11<Paramètres!$B$19,Paramètres!$C$19,IF(M11<Paramètres!$B$20,Paramètres!$C$20,IF(M11<Paramètres!$B$21,Paramètres!$C$21,Paramètres!$C$22))))))))),M11),"") | R11: =+IF(N11="Mr",1,2) -> 1 | S11: =K11*(DATEDIF(F11,TODAY(),"m")/12) -> 0 | T11: =IF(K11=1,IF(Paramètres!$E$25,IF(S11<Paramètres!$B$29,Paramètres!$C$29,IF(S11<Paramètres!$B$30,Paramètres!$C$30,IF(S11<Paramètres!$B$31,Paramètres!$C$31,IF(S11<Paramètres!$B$32,Paramètres!$C$32,IF(S11<Paramètres!$B$33,Paramètres!$C$33,IF(S11<Paramètres!$B$34,Paramètres!$C$34,IF(S11<Paramètres!$B$35,Paramètres!$C$35,IF(S11<Paramètres!$B$36,Paramètres!$C$36,IF(S11<Paramètres!$B$37,Paramètres!$C$37,Paramètres!$C$38))))))))),[3]Données!P460),"")
A12: 347 | B12: AOUANE | C12: ABDENBI | D12: Nador | E12: Maitrise | F12: 33148 | G12: "2MAI09 | H12: 24867 | I12: =H12+(365.25*60) -> 46782 | K12: 1 | M12: =K12*(DATEDIF(H12,TODAY(),"m")/12) -> 58.416667 | N12: Mr | O12: CDI | P12: NADOR | Q12: =IF(K12=1,IF(Paramètres!$E$9,IF(M12<Paramètres!$B$13,Paramètres!$C$13,IF(M12<Paramètres!$B$14,Paramètres!$C$14,IF(M12<Paramètres!$B$15,Paramètres!$C$15,IF(M12<Paramètres!$B$16,Paramètres!$C$16,IF(M12<Paramètres!$B$17,Paramètres!$C$17,IF(M12<Paramètres!$B$18,Paramètres!$C$18,IF(M12<Paramètres!$B$19,Paramètres!$C$19,IF(M12<Paramètres!$B$20,Paramètres!$C$20,IF(M12<Paramètres!$B$21,Paramètres!$C$21,Paramètres!$C$22))))))))),M12),"") -> De 55 à 59 ans | R12: =+IF(N12="Mr",1,2) -> 1 | S12: =K12*(DATEDIF(F12,TODAY(),"m")/12) -> 35.75 | T12: =IF(K12=1,IF(Paramètres!$E$25,IF(S12<Paramètres!$B$29,Paramètres!$C$29,IF(S12<Paramètres!$B$30,Paramètres!$C$30,IF(S12<Paramètres!$B$31,Paramètres!$C$31,IF(S12<Paramètres!$B$32,Paramètres!$C$32,IF(S12<Paramètres!$B$33,Paramètres!$C$33,IF(S12<Paramètres!$B$34,Paramètres!$C$34,IF(S12<Paramètres!$B$35,Paramètres!$C$35,IF(S12<Paramètres!$B$36,Paramètres!$C$36,IF(S12<Paramètres!$B$37,Paramètres!$C$37,Paramètres!$C$38))))))))),[3]Données!P461),"") -> De 35 à 39 ans
A13: 354 | B13: EL IDRISSI | C13: NOUREDDINE | D13: Nador | E13: Employé | F13: 33233 | G13: "2MAG01 | H13: 23867 | I13: =H13+(365.25*60) -> 45782 | J13: 45782 | K13: 0 | L13: Retraite | M13: =K13*(DATEDIF(H13,TODAY(),"m")/12) -> 0 | N13: Mr | P13: NADOR | Q13: =IF(K13=1,IF(Paramètres!$E$9,IF(M13<Paramètres!$B$13,Paramètres!$C$13,IF(M13<Paramètres!$B$14,Paramètres!$C$14,IF(M13<Paramètres!$B$15,Paramètres!$C$15,IF(M13<Paramètres!$B$16,Paramètres!$C$16,IF(M13<Paramètres!$B$17,Paramètres!$C$17,IF(M13<Paramètres!$B$18,Paramètres!$C$18,IF(M13<Paramètres!$B$19,Paramètres!$C$19,IF(M13<Paramètres!$B$20,Paramètres!$C$20,IF(M13<Paramètres!$B$21,Paramètres!$C$21,Paramètres!$C$22))))))))),M13),"") | R13: =+IF(N13="Mr",1,2) -> 1 | S13: =K13*(DATEDIF(F13,TODAY(),"m")/12) -> 0 | T13: =IF(K13=1,IF(Paramètres!$E$25,IF(S13<Paramètres!$B$29,Paramètres!$C$29,IF(S13<Paramètres!$B$30,Paramètres!$C$30,IF(S13<Paramètres!$B$31,Paramètres!$C$31,IF(S13<Paramètres!$B$32,Paramètres!$C$32,IF(S13<Paramètres!$B$33,Paramètres!$C$33,IF(S13<Paramètres!$B$34,Paramètres!$C$34,IF(S13<Paramètres!$B$35,Paramètres!$C$35,IF(S13<Paramètres!$B$36,Paramètres!$C$36,IF(S13<Paramètres!$B$37,Paramètres!$C$37,Paramètres!$C$38))))))))),[3]Données!P602),"")
A14: 355 | B14: ALJI | C14: MAHMOUD | D14: Nador | E14: Maitrise | F14: 33246 | G14: "2MAI01 | H14: 24324 | I14: =H14+(365.25*60) -> 46239 | K14: 1 | M14: =K14*(DATEDIF(H14,TODAY(),"m")/12) -> 59.916667 | N14: Mr | O14: CDI | P14: NADOR | Q14: =IF(K14=1,IF(Paramètres!$E$9,IF(M14<Paramètres!$B$13,Paramètres!$C$13,IF(M14<Paramètres!$B$14,Paramètres!$C$14,IF(M14<Paramètres!$B$15,Paramètres!$C$15,IF(M14<Paramètres!$B$16,Paramètres!$C$16,IF(M14<Paramètres!$B$17,Paramètres!$C$17,IF(M14<Paramètres!$B$18,Paramètres!$C$18,IF(M14<Paramètres!$B$19,Paramètres!$C$19,IF(M14<Paramètres!$B$20,Paramètres!$C$20,IF(M14<Paramètres!$B$21,Paramètres!$C$21,Paramètres!$C$22))))))))),M14),"") -> De 55 à 59 ans | R14: =+IF(N14="Mr",1,2) -> 1 | S14: =K14*(DATEDIF(F14,TODAY(),"m")/12) -> 35.416667 | T14: =IF(K14=1,IF(Paramètres!$E$25,IF(S14<Paramètres!$B$29,Paramètres!$C$29,IF(S14<Paramètres!$B$30,Paramètres!$C$30,IF(S14<Paramètres!$B$31,Paramètres!$C$31,IF(S14<Paramètres!$B$32,Paramètres!$C$32,IF(S14<Paramètres!$B$33,Paramètres!$C$33,IF(S14<Paramètres!$B$34,Paramètres!$C$34,IF(S14<Paramètres!$B$35,Paramètres!$C$35,IF(S14<Paramètres!$B$36,Paramètres!$C$36,IF(S14<Paramètres!$B$37,Paramètres!$C$37,Paramètres!$C$38))))))))),[3]Données!P462),"") -> De 35 à 39 ans
A15: 356 | B15: IATISSAMI | C15: MUSTAPHA | D15: Nador | E15: Maitrise | F15: 33287 | G15: "2PRO06 | H15: 25263 | I15: =H15+(365.25*60) -> 47178 | K15: 1 | M15: =K15*(DATEDIF(H15,TODAY(),"m")/12) -> 57.333333 | N15: Mr | O15: CDI | P15: NADOR | Q15: =IF(K15=1,IF(Paramètres!$E$9,IF(M15<Paramètres!$B$13,Paramètres!$C$13,IF(M15<Paramètres!$B$14,Paramètres!$C$14,IF(M15<Paramètres!$B$15,Paramètres!$C$15,IF(M15<Paramètres!$B$16,Paramètres!$C$16,IF(M15<Paramètres!$B$17,Paramètres!$C$17,IF(M15<Paramètres!$B$18,Paramètres!$C$18,IF(M15<Paramètres!$B$19,Paramètres!$C$19,IF(M15<Paramètres!$B$20,Paramètres!$C$20,IF(M15<Paramètres!$B$21,Paramètres!$C$21,Paramètres!$C$22))))))))),M15),"") -> De 55 à 59 ans | R15: =+IF(N15="Mr",1,2) -> 1 | S15: =K15*(DATEDIF(F15,TODAY(),"m")/12) -> 35.333333 | T15: =IF(K15=1,IF(Paramètres!$E$25,IF(S15<Paramètres!$B$29,Paramètres!$C$29,IF(S15<Paramètres!$B$30,Paramètres!$C$30,IF(S15<Paramètres!$B$31,Paramètres!$C$31,IF(S15<Paramètres!$B$32,Paramètres!$C$32,IF(S15<Paramètres!$B$33,Paramètres!$C$33,IF(S15<Paramètres!$B$34,Paramètres!$C$34,IF(S15<Paramètres!$B$35,Paramètres!$C$35,IF(S15<Paramètres!$B$36,Paramètres!$C$36,IF(S15<Paramètres!$B$37,Paramètres!$C$37,Paramètres!$C$38))))))))),[3]Données!P463),"") -> De 35 à 39 ans
A16: 357 | B16: MOUNIB | C16: ABDELATI | D16: Nador | E16: Maitrise | F16: 33288 | G16: "2MAI02 | H16: 24627 | I16: =H16+(365.25*60) -> 46542 | K16: 1 | M16: =K16*(DATEDIF(H16,TODAY(),"m")/12) -> 59.083333 | N16: Mr | O16: CDI | P16: NADOR | Q16: =IF(K16=1,IF(Paramètres!$E$9,IF(M16<Paramètres!$B$13,Paramètres!$C$13,IF(M16<Paramètres!$B$14,Paramètres!$C$14,IF(M16<Paramètres!$B$15,Paramètres!$C$15,IF(M16<Paramètres!$B$16,Paramètres!$C$16,IF(M16<Paramètres!$B$17,Paramètres!$C$17,IF(M16<Paramètres!$B$18,Paramètres!$C$18,IF(M16<Paramètres!$B$19,Paramètres!$C$19,IF(M16<Paramètres!$B$20,Paramètres!$C$20,IF(M16<Paramètres!$B$21,Paramètres!$C$21,Paramètres!$C$22))))))))),M16),"") -> De 55 à 59 ans | R16: =+IF(N16="Mr",1,2) -> 1 | S16: =K16*(DATEDIF(F16,TODAY(),"m")/12) -> 35.333333 | T16: =IF(K16=1,IF(Paramètres!$E$25,IF(S16<Paramètres!$B$29,Paramètres!$C$29,IF(S16<Paramètres!$B$30,Paramètres!$C$30,IF(S16<Paramètres!$B$31,Paramètres!$C$31,IF(S16<Paramètres!$B$32,Paramètres!$C$32,IF(S16<Paramètres!$B$33,Paramètres!$C$33,IF(S16<Paramètres!$B$34,Paramètres!$C$34,IF(S16<Paramètres!$B$35,Paramètres!$C$35,IF(S16<Paramètres!$B$36,Paramètres!$C$36,IF(S16<Paramètres!$B$37,Paramètres!$C$37,Paramètres!$C$38))))))))),[3]Données!P464),"") -> De 35 à 39 ans
A17: 363 | B17: EL HAFHAFI | C17: ABDELAZIZ | D17: Nador | E17: Employé | F17: 33525 | G17: "2PRO06 | H17: 23911 | I17: =H17+(365.25*60) -> 45826 | J17: 45826 | K17: 0 | L17: Retraite | M17: =K17*(DATEDIF(H17,TODAY(),"m")/12) -> 0 | N17: Mr | P17: NADOR | Q17: =IF(K17=1,IF(Paramètres!$E$9,IF(M17<Paramètres!$B$13,Paramètres!$C$13,IF(M17<Paramètres!$B$14,Paramètres!$C$14,IF(M17<Paramètres!$B$15,Paramètres!$C$15,IF(M17<Paramètres!$B$16,Paramètres!$C$16,IF(M17<Paramètres!$B$17,Paramètres!$C$17,IF(M17<Paramètres!$B$18,Paramètres!$C$18,IF(M17<Paramètres!$B$19,Paramètres!$C$19,IF(M17<Paramètres!$B$20,Paramètres!$C$20,IF(M17<Paramètres!$B$21,Paramètres!$C$21,Paramètres!$C$22))))))))),M17),"") | R17: =+IF(N17="Mr",1,2) -> 1 | S17: =K17*(DATEDIF(F17,TODAY(),"m")/12) -> 0 | T17: =IF(K17=1,IF(Paramètres!$E$25,IF(S17<Paramètres!$B$29,Paramètres!$C$29,IF(S17<Paramètres!$B$30,Paramètres!$C$30,IF(S17<Paramètres!$B$31,Paramètres!$C$31,IF(S17<Paramètres!$B$32,Paramètres!$C$32,IF(S17<Paramètres!$B$33,Paramètres!$C$33,IF(S17<Paramètres!$B$34,Paramètres!$C$34,IF(S17<Paramètres!$B$35,Paramètres!$C$35,IF(S17<Paramètres!$B$36,Paramètres!$C$36,IF(S17<Paramètres!$B$37,Paramètres!$C$37,Paramètres!$C$38))))))))),[3]Données!P603),"")
A18: 364 | B18: JAOUAL | C18: SAID | D18: Nador | E18: Employé | F18: 33589 | G18: "2PRO05 | H18: 25498 | I18: =H18+(365.25*60) -> 47413 | K18: 1 | M18: =K18*(DATEDIF(H18,TODAY(),"m")/12) -> 56.666667 | N18: Mr | O18: CDI | P18: NADOR | Q18: =IF(K18=1,IF(Paramètres!$E$9,IF(M18<Paramètres!$B$13,Paramètres!$C$13,IF(M18<Paramètres!$B$14,Paramètres!$C$14,IF(M18<Paramètres!$B$15,Paramètres!$C$15,IF(M18<Paramètres!$B$16,Paramètres!$C$16,IF(M18<Paramètres!$B$17,Paramètres!$C$17,IF(M18<Paramètres!$B$18,Paramètres!$C$18,IF(M18<Paramètres!$B$19,Paramètres!$C$19,IF(M18<Paramètres!$B$20,Paramètres!$C$20,IF(M18<Paramètres!$B$21,Paramètres!$C$21,Paramètres!$C$22))))))))),M18),"") -> De 55 à 59 ans | R18: =+IF(N18="Mr",1,2) -> 1 | S18: =K18*(DATEDIF(F18,TODAY(),"m")/12) -> 34.5 | T18: =IF(K18=1,IF(Paramètres!$E$25,IF(S18<Paramètres!$B$29,Paramètres!$C$29,IF(S18<Paramètres!$B$30,Paramètres!$C$30,IF(S18<Paramètres!$B$31,Paramètres!$C$31,IF(S18<Paramètres!$B$32,Paramètres!$C$32,IF(S18<Paramètres!$B$33,Paramètres!$C$33,IF(S18<Paramètres!$B$34,Paramètres!$C$34,IF(S18<Paramètres!$B$35,Paramètres!$C$35,IF(S18<Paramètres!$B$36,Paramètres!$C$36,IF(S18<Paramètres!$B$37,Paramètres!$C$37,Paramètres!$C$38))))))))),[3]Données!P465),"") -> De 30 à 34 ans
A19: 367 | B19: AKAAOUCH | C19: ALI | D19: Nador | E19: Maitrise | F19: 33637 | G19: "2MAI03 | H19: 25494 | I19: =H19+(365.25*60) -> 47409 | K19: 1 | M19: =K19*(DATEDIF(H19,TODAY(),"m")/12) -> 56.666667 | N19: Mr | O19: CDI | P19: NADOR | Q19: =IF(K19=1,IF(Paramètres!$E$9,IF(M19<Paramètres!$B$13,Paramètres!$C$13,IF(M19<Paramètres!$B$14,Paramètres!$C$14,IF(M19<Paramètres!$B$15,Paramètres!$C$15,IF(M19<Paramètres!$B$16,Paramètres!$C$16,IF(M19<Paramètres!$B$17,Paramètres!$C$17,IF(M19<Paramètres!$B$18,Paramètres!$C$18,IF(M19<Paramètres!$B$19,Paramètres!$C$19,IF(M19<Paramètres!$B$20,Paramètres!$C$20,IF(M19<Paramètres!$B$21,Paramètres!$C$21,Paramètres!$C$22))))))))),M19),"") -> De 55 à 59 ans | R19: =+IF(N19="Mr",1,2) -> 1 | S19: =K19*(DATEDIF(F19,TODAY(),"m")/12) -> 34.416667 | T19: =IF(K19=1,IF(Paramètres!$E$25,IF(S19<Paramètres!$B$29,Paramètres!$C$29,IF(S19<Paramètres!$B$30,Paramètres!$C$30,IF(S19<Paramètres!$B$31,Paramètres!$C$31,IF(S19<Paramètres!$B$32,Paramètres!$C$32,IF(S19<Paramètres!$B$33,Paramètres!$C$33,IF(S19<Paramètres!$B$34,Paramètres!$C$34,IF(S19<Paramètres!$B$35,Paramètres!$C$35,IF(S19<Paramètres!$B$36,Paramètres!$C$36,IF(S19<Paramètres!$B$37,Paramètres!$C$37,Paramètres!$C$38))))))))),[3]Données!P466),"") -> De 30 à 34 ans
A20: 368 | B20: OUCHNI | C20: HAMID | D20: Nador | E20: Maitrise | F20: 33637 | G20: "2PRO05 | H20: 25369 | I20: =H20+(365.25*60) -> 47284 | K20: 1 | M20: =K20*(DATEDIF(H20,TODAY(),"m")/12) -> 57 | N20: Mr | O20: CDI | P20: NADOR | Q20: =IF(K20=1,IF(Paramètres!$E$9,IF(M20<Paramètres!$B$13,Paramètres!$C$13,IF(M20<Paramètres!$B$14,Paramètres!$C$14,IF(M20<Paramètres!$B$15,Paramètres!$C$15,IF(M20<Paramètres!$B$16,Paramètres!$C$16,IF(M20<Paramètres!$B$17,Paramètres!$C$17,IF(M20<Paramètres!$B$18,Paramètres!$C$18,IF(M20<Paramètres!$B$19,Paramètres!$C$19,IF(M20<Paramètres!$B$20,Paramètres!$C$20,IF(M20<Paramètres!$B$21,Paramètres!$C$21,Paramètres!$C$22))))))))),M20),"") -> De 55 à 59 ans | R20: =+IF(N20="Mr",1,2) -> 1 | S20: =K20*(DATEDIF(F20,TODAY(),"m")/12) -> 34.416667 | T20: =IF(K20=1,IF(Paramètres!$E$25,IF(S20<Paramètres!$B$29,Paramètres!$C$29,IF(S20<Paramètres!$B$30,Paramètres!$C$30,IF(S20<Paramètres!$B$31,Paramètres!$C$31,IF(S20<Paramètres!$B$32,Paramètres!$C$32,IF(S20<Paramètres!$B$33,Paramètres!$C$33,IF(S20<Paramètres!$B$34,Paramètres!$C$34,IF(S20<Paramètres!$B$35,Paramètres!$C$35,IF(S20<Paramètres!$B$36,Paramètres!$C$36,IF(S20<Paramètres!$B$37,Paramètres!$C$37,Paramètres!$C$38))))))))),[3]Données!P467),"") -> De 30 à 34 ans
A21: 372 | B21: ABDAIM | C21: LAHOUCINE | D21: Nador | E21: Employé | F21: 33948 | G21: "2PRO08 | H21: 27210 | I21: =H21+(365.25*60) -> 49125 | K21: 1 | M21: =K21*(DATEDIF(H21,TODAY(),"m")/12) -> 52 | N21: Mr | O21: CDI | P21: NADOR | Q21: =IF(K21=1,IF(Paramètres!$E$9,IF(M21<Paramètres!$B$13,Paramètres!$C$13,IF(M21<Paramètres!$B$14,Paramètres!$C$14,IF(M21<Paramètres!$B$15,Paramètres!$C$15,IF(M21<Paramètres!$B$16,Paramètres!$C$16,IF(M21<Paramètres!$B$17,Paramètres!$C$17,IF(M21<Paramètres!$B$18,Paramètres!$C$18,IF(M21<Paramètres!$B$19,Paramètres!$C$19,IF(M21<Paramètres!$B$20,Paramètres!$C$20,IF(M21<Paramètres!$B$21,Paramètres!$C$21,Paramètres!$C$22))))))))),M21),"") -> De 50 à 54 ans | R21: =+IF(N21="Mr",1,2) -> 1 | S21: =K21*(DATEDIF(F21,TODAY(),"m")/12) -> 33.5 | T21: =IF(K21=1,IF(Paramètres!$E$25,IF(S21<Paramètres!$B$29,Paramètres!$C$29,IF(S21<Paramètres!$B$30,Paramètres!$C$30,IF(S21<Paramètres!$B$31,Paramètres!$C$31,IF(S21<Paramètres!$B$32,Paramètres!$C$32,IF(S21<Paramètres!$B$33,Paramètres!$C$33,IF(S21<Paramètres!$B$34,Paramètres!$C$34,IF(S21<Paramètres!$B$35,Paramètres!$C$35,IF(S21<Paramètres!$B$36,Paramètres!$C$36,IF(S21<Paramètres!$B$37,Paramètres!$C$37,Paramètres!$C$38))))))))),[3]Données!P468),"") -> De 30 à 34 ans
A22: 380 | B22: AZZAMMOURI | C22: LAARBI | D22: Nador | E22: Employé | F22: 33953 | G22: "2MAI10 | H22: 26109 | I22: =H22+(365.25*60) -> 48024 | K22: 1 | M22: =K22*(DATEDIF(H22,TODAY(),"m")/12) -> 55 | N22: Mr | O22: CDI | P22: NADOR | Q22: =IF(K22=1,IF(Paramètres!$E$9,IF(M22<Paramètres!$B$13,Paramètres!$C$13,IF(M22<Paramètres!$B$14,Paramètres!$C$14,IF(M22<Paramètres!$B$15,Paramètres!$C$15,IF(M22<Paramètres!$B$16,Paramètres!$C$16,IF(M22<Paramètres!$B$17,Paramètres!$C$17,IF(M22<Paramètres!$B$18,Paramètres!$C$18,IF(M22<Paramètres!$B$19,Paramètres!$C$19,IF(M22<Paramètres!$B$20,Paramètres!$C$20,IF(M22<Paramètres!$B$21,Paramètres!$C$21,Paramètres!$C$22))))))))),M22),"") -> De 55 à 59 ans | R22: =+IF(N22="Mr",1,2) -> 1 | S22: =K22*(DATEDIF(F22,TODAY(),"m")/12) -> 33.5 | T22: =IF(K22=1,IF(Paramètres!$E$25,IF(S22<Paramètres!$B$29,Paramètres!$C$29,IF(S22<Paramètres!$B$30,Paramètres!$C$30,IF(S22<Paramètres!$B$31,Paramètres!$C$31,IF(S22<Paramètres!$B$32,Paramètres!$C$32,IF(S22<Paramètres!$B$33,Paramètres!$C$33,IF(S22<Paramètres!$B$34,Paramètres!$C$34,IF(S22<Paramètres!$B$35,Paramètres!$C$35,IF(S22<Paramètres!$B$36,Paramètres!$C$36,IF(S22<Paramètres!$B$37,Paramètres!$C$37,Paramètres!$C$38))))))))),[3]Données!P469),"") -> De 30 à 34 ans
A23: 393 | B23: TALAA | C23: M'HAMMED | D23: Nador | E23: Maitrise | F23: 34554 | G23: "2PRO03 | H23: 25165 | I23: =H23+(365.25*60) -> 47080 | K23: 1 | M23: =K23*(DATEDIF(H23,TODAY(),"m")/12) -> 57.583333 | N23: Mr | O23: CDI | P23: NADOR | Q23: =IF(K23=1,IF(Paramètres!$E$9,IF(M23<Paramètres!$B$13,Paramètres!$C$13,IF(M23<Paramètres!$B$14,Paramètres!$C$14,IF(M23<Paramètres!$B$15,Paramètres!$C$15,IF(M23<Paramètres!$B$16,Paramètres!$C$16,IF(M23<Paramètres!$B$17,Paramètres!$C$17,IF(M23<Paramètres!$B$18,Paramètres!$C$18,IF(M23<Paramètres!$B$19,Paramètres!$C$19,IF(M23<Paramètres!$B$20,Paramètres!$C$20,IF(M23<Paramètres!$B$21,Paramètres!$C$21,Paramètres!$C$22))))))))),M23),"") -> De 55 à 59 ans | R23: =+IF(N23="Mr",1,2) -> 1 | S23: =K23*(DATEDIF(F23,TODAY(),"m")/12) -> 31.833333 | T23: =IF(K23=1,IF(Paramètres!$E$25,IF(S23<Paramètres!$B$29,Paramètres!$C$29,IF(S23<Paramètres!$B$30,Paramètres!$C$30,IF(S23<Paramètres!$B$31,Paramètres!$C$31,IF(S23<Paramètres!$B$32,Paramètres!$C$32,IF(S23<Paramètres!$B$33,Paramètres!$C$33,IF(S23<Paramètres!$B$34,Paramètres!$C$34,IF(S23<Paramètres!$B$35,Paramètres!$C$35,IF(S23<Paramètres!$B$36,Paramètres!$C$36,IF(S23<Paramètres!$B$37,Paramètres!$C$37,Paramètres!$C$38))))))))),[3]Données!P470),"") -> De 30 à 34 ans
A24: 455 | B24: TAHIRI | C24: ABDELKADER | D24: Nador | E24: Employé | F24: 35947 | G24: "2PRO05 | H24: 24750 | I24: =H24+(365.25*60) -> 46665 | K24: 1 | M24: =K24*(DATEDIF(H24,TODAY(),"m")/12) -> 58.75 | N24: Mr | O24: CDI | P24: NADOR | Q24: =IF(K24=1,IF(Paramètres!$E$9,IF(M24<Paramètres!$B$13,Paramètres!$C$13,IF(M24<Paramètres!$B$14,Paramètres!$C$14,IF(M24<Paramètres!$B$15,Paramètres!$C$15,IF(M24<Paramètres!$B$16,Paramètres!$C$16,IF(M24<Paramètres!$B$17,Paramètres!$C$17,IF(M24<Paramètres!$B$18,Paramètres!$C$18,IF(M24<Paramètres!$B$19,Paramètres!$C$19,IF(M24<Paramètres!$B$20,Paramètres!$C$20,IF(M24<Paramètres!$B$21,Paramètres!$C$21,Paramètres!$C$22))))))))),M24),"") -> De 55 à 59 ans | R24: =+IF(N24="Mr",1,2) -> 1 | S24: =K24*(DATEDIF(F24,TODAY(),"m")/12) -> 28.083333 | T24: =IF(K24=1,IF(Paramètres!$E$25,IF(S24<Paramètres!$B$29,Paramètres!$C$29,IF(S24<Paramètres!$B$30,Paramètres!$C$30,IF(S24<Paramètres!$B$31,Paramètres!$C$31,IF(S24<Paramètres!$B$32,Paramètres!$C$32,IF(S24<Paramètres!$B$33,Paramètres!$C$33,IF(S24<Paramètres!$B$34,Paramètres!$C$34,IF(S24<Paramètres!$B$35,Paramètres!$C$35,IF(S24<Paramètres!$B$36,Paramètres!$C$36,IF(S24<Paramètres!$B$37,Paramètres!$C$37,Paramètres!$C$38))))))))),[3]Données!P471),"") -> De 25 à 29 ans
A25: 456 | B25: ARRAISS | C25: ABDESLAM | D25: Nador | E25: Maitrise | F25: 35947 | G25: "2FIB01 | H25: 26344 | I25: =H25+(365.25*60) -> 48259 | K25: 1 | M25: =K25*(DATEDIF(H25,TODAY(),"m")/12) -> 54.333333 | N25: Mr | O25: CDI | P25: NADOR | Q25: =IF(K25=1,IF(Paramètres!$E$9,IF(M25<Paramètres!$B$13,Paramètres!$C$13,IF(M25<Paramètres!$B$14,Paramètres!$C$14,IF(M25<Paramètres!$B$15,Paramètres!$C$15,IF(M25<Paramètres!$B$16,Paramètres!$C$16,IF(M25<Paramètres!$B$17,Paramètres!$C$17,IF(M25<Paramètres!$B$18,Paramètres!$C$18,IF(M25<Paramètres!$B$19,Paramètres!$C$19,IF(M25<Paramètres!$B$20,Paramètres!$C$20,IF(M25<Paramètres!$B$21,Paramètres!$C$21,Paramètres!$C$22))))))))),M25),"") -> De 50 à 54 ans | R25: =+IF(N25="Mr",1,2) -> 1 | S25: =K25*(DATEDIF(F25,TODAY(),"m")/12) -> 28.083333 | T25: =IF(K25=1,IF(Paramètres!$E$25,IF(S25<Paramètres!$B$29,Paramètres!$C$29,IF(S25<Paramètres!$B$30,Paramètres!$C$30,IF(S25<Paramètres!$B$31,Paramètres!$C$31,IF(S25<Paramètres!$B$32,Paramètres!$C$32,IF(S25<Paramètres!$B$33,Paramètres!$C$33,IF(S25<Paramètres!$B$34,Paramètres!$C$34,IF(S25<Paramètres!$B$35,Paramètres!$C$35,IF(S25<Paramètres!$B$36,Paramètres!$C$36,IF(S25<Paramètres!$B$37,Paramètres!$C$37,Paramètres!$C$38))))))))),[3]Données!P472),"") -> De 25 à 29 ans
A26: 458 | B26: AZIZI | C26: MUSTAPHA | D26: Nador | E26: Maitrise | F26: 35947 | G26: "2MAI02 | H26: 26186 | I26: =H26+(365.25*60) -> 48101 | K26: 1 | M26: =K26*(DATEDIF(H26,TODAY(),"m")/12) -> 54.75 | N26: Mr | O26: CDI | P26: NADOR | Q26: =IF(K26=1,IF(Paramètres!$E$9,IF(M26<Paramètres!$B$13,Paramètres!$C$13,IF(M26<Paramètres!$B$14,Paramètres!$C$14,IF(M26<Paramètres!$B$15,Paramètres!$C$15,IF(M26<Paramètres!$B$16,Paramètres!$C$16,IF(M26<Paramètres!$B$17,Paramètres!$C$17,IF(M26<Paramètres!$B$18,Paramètres!$C$18,IF(M26<Paramètres!$B$19,Paramètres!$C$19,IF(M26<Paramètres!$B$20,Paramètres!$C$20,IF(M26<Paramètres!$B$21,Paramètres!$C$21,Paramètres!$C$22))))))))),M26),"") -> De 50 à 54 ans | R26: =+IF(N26="Mr",1,2) -> 1 | S26: =K26*(DATEDIF(F26,TODAY(),"m")/12) -> 28.083333 | T26: =IF(K26=1,IF(Paramètres!$E$25,IF(S26<Paramètres!$B$29,Paramètres!$C$29,IF(S26<Paramètres!$B$30,Paramètres!$C$30,IF(S26<Paramètres!$B$31,Paramètres!$C$31,IF(S26<Paramètres!$B$32,Paramètres!$C$32,IF(S26<Paramètres!$B$33,Paramètres!$C$33,IF(S26<Paramètres!$B$34,Paramètres!$C$34,IF(S26<Paramètres!$B$35,Paramètres!$C$35,IF(S26<Paramètres!$B$36,Paramètres!$C$36,IF(S26<Paramètres!$B$37,Paramètres!$C$37,Paramètres!$C$38))))))))),[3]Données!P473),"") -> De 25 à 29 ans
A27: 459 | B27: BEN OTMAN | C27: JAMAL | D27: Nador | E27: Maitrise | F27: 35947 | G27: "2SGX01 | H27: 25913 | I27: =H27+(365.25*60) -> 47828 | K27: 1 | M27: =K27*(DATEDIF(H27,TODAY(),"m")/12) -> 55.5 | N27: Mr | O27: CDI | P27: NADOR | Q27: =IF(K27=1,IF(Paramètres!$E$9,IF(M27<Paramètres!$B$13,Paramètres!$C$13,IF(M27<Paramètres!$B$14,Paramètres!$C$14,IF(M27<Paramètres!$B$15,Paramètres!$C$15,IF(M27<Paramètres!$B$16,Paramètres!$C$16,IF(M27<Paramètres!$B$17,Paramètres!$C$17,IF(M27<Paramètres!$B$18,Paramètres!$C$18,IF(M27<Paramètres!$B$19,Paramètres!$C$19,IF(M27<Paramètres!$B$20,Paramètres!$C$20,IF(M27<Paramètres!$B$21,Paramètres!$C$21,Paramètres!$C$22))))))))),M27),"") -> De 55 à 59 ans | R27: =+IF(N27="Mr",1,2) -> 1 | S27: =K27*(DATEDIF(F27,TODAY(),"m")/12) -> 28.083333 | T27: =IF(K27=1,IF(Paramètres!$E$25,IF(S27<Paramètres!$B$29,Paramètres!$C$29,IF(S27<Paramètres!$B$30,Paramètres!$C$30,IF(S27<Paramètres!$B$31,Paramètres!$C$31,IF(S27<Paramètres!$B$32,Paramètres!$C$32,IF(S27<Paramètres!$B$33,Paramètres!$C$33,IF(S27<Paramètres!$B$34,Paramètres!$C$34,IF(S27<Paramètres!$B$35,Paramètres!$C$35,IF(S27<Paramètres!$B$36,Paramètres!$C$36,IF(S27<Paramètres!$B$37,Paramètres!$C$37,Paramètres!$C$38))))))))),[3]Données!P474),"") -> De 25 à 29 ans
A28: 462 | B28: LAAZIBI | C28: MOHAMED | D28: Nador | E28: Maitrise | F28: 35947 | G28: "2SGX01 | H28: 26404 | I28: =H28+(365.25*60) -> 48319 | K28: 1 | M28: =K28*(DATEDIF(H28,TODAY(),"m")/12) -> 54.166667 | N28: Mr | O28: CDI | P28: NADOR | Q28: =IF(K28=1,IF(Paramètres!$E$9,IF(M28<Paramètres!$B$13,Paramètres!$C$13,IF(M28<Paramètres!$B$14,Paramètres!$C$14,IF(M28<Paramètres!$B$15,Paramètres!$C$15,IF(M28<Paramètres!$B$16,Paramètres!$C$16,IF(M28<Paramètres!$B$17,Paramètres!$C$17,IF(M28<Paramètres!$B$18,Paramètres!$C$18,IF(M28<Paramètres!$B$19,Paramètres!$C$19,IF(M28<Paramètres!$B$20,Paramètres!$C$20,IF(M28<Paramètres!$B$21,Paramètres!$C$21,Paramètres!$C$22))))))))),M28),"") -> De 50 à 54 ans | R28: =+IF(N28="Mr",1,2) -> 1 | S28: =K28*(DATEDIF(F28,TODAY(),"m")/12) -> 28.083333 | T28: =IF(K28=1,IF(Paramètres!$E$25,IF(S28<Paramètres!$B$29,Paramètres!$C$29,IF(S28<Paramètres!$B$30,Paramètres!$C$30,IF(S28<Paramètres!$B$31,Paramètres!$C$31,IF(S28<Paramètres!$B$32,Paramètres!$C$32,IF(S28<Paramètres!$B$33,Paramètres!$C$33,IF(S28<Paramètres!$B$34,Paramètres!$C$34,IF(S28<Paramètres!$B$35,Paramètres!$C$35,IF(S28<Paramètres!$B$36,Paramètres!$C$36,IF(S28<Paramètres!$B$37,Paramètres!$C$37,Paramètres!$C$38))))))))),[3]Données!P475),"") -> De 25 à 29 ans
A29: 464 | B29: MAZOUJI | C29: MIMOUN | D29: Nador | E29: Employé | F29: 35947 | G29: "2MAI06 | H29: 25361 | I29: =H29+(365.25*60) -> 47276 | K29: 1 | M29: =K29*(DATEDIF(H29,TODAY(),"m")/12) -> 57.083333 | N29: Mr | O29: CDI | P29: NADOR | Q29: =IF(K29=1,IF(Paramètres!$E$9,IF(M29<Paramètres!$B$13,Paramètres!$C$13,IF(M29<Paramètres!$B$14,Paramètres!$C$14,IF(M29<Paramètres!$B$15,Paramètres!$C$15,IF(M29<Paramètres!$B$16,Paramètres!$C$16,IF(M29<Paramètres!$B$17,Paramètres!$C$17,IF(M29<Paramètres!$B$18,Paramètres!$C$18,IF(M29<Paramètres!$B$19,Paramètres!$C$19,IF(M29<Paramètres!$B$20,Paramètres!$C$20,IF(M29<Paramètres!$B$21,Paramètres!$C$21,Paramètres!$C$22))))))))),M29),"") -> De 55 à 59 ans | R29: =+IF(N29="Mr",1,2) -> 1 | S29: =K29*(DATEDIF(F29,TODAY(),"m")/12) -> 28.083333 | T29: =IF(K29=1,IF(Paramètres!$E$25,IF(S29<Paramètres!$B$29,Paramètres!$C$29,IF(S29<Paramètres!$B$30,Paramètres!$C$30,IF(S29<Paramètres!$B$31,Paramètres!$C$31,IF(S29<Paramètres!$B$32,Paramètres!$C$32,IF(S29<Paramètres!$B$33,Paramètres!$C$33,IF(S29<Paramètres!$B$34,Paramètres!$C$34,IF(S29<Paramètres!$B$35,Paramètres!$C$35,IF(S29<Paramètres!$B$36,Paramètres!$C$36,IF(S29<Paramètres!$B$37,Paramètres!$C$37,Paramètres!$C$38))))))))),[3]Données!P476),"") -> De 25 à 29 ans
... A46: 490 | B46: JIYAR | C46: EL MILOUD | D46: Nador | E46: Employé | F46: 35996 | G46: "2MAI03 | H46: 27529 | I46: =H46+(365.25*60) -> 49444 | K46: 1 | M46: =K46*(DATEDIF(H46,TODAY(),"m")/12) -> 51.083333 | N46: Mr | O46: CDI | P46: NADOR | Q46: =IF(K46=1,IF(Paramètres!$E$9,IF(M46<Paramètres!$B$13,Paramètres!$C$13,IF(M46<Paramètres!$B$14,Paramètres!$C$14,IF(M46<Paramètres!$B$15,Paramètres!$C$15,IF(M46<Paramètres!$B$16,Paramètres!$C$16,IF(M46<Paramètres!$B$17,Paramètres!$C$17,IF(M46<Paramètres!$B$18,Paramètres!$C$18,IF(M46<Paramètres!$B$19,Paramètres!$C$19,IF(M46<Paramètres!$B$20,Paramètres!$C$20,IF(M46<Paramètres!$B$21,Paramètres!$C$21,Paramètres!$C$22))))))))),M46),"") -> De 50 à 54 ans | R46: =+IF(N46="Mr",1,2) -> 1 | S46: =K46*(DATEDIF(F46,TODAY(),"m")/12) -> 27.916667 | T46: =IF(K46=1,IF(Paramètres!$E$25,IF(S46<Paramètres!$B$29,Paramètres!$C$29,IF(S46<Paramètres!$B$30,Paramètres!$C$30,IF(S46<Paramètres!$B$31,Paramètres!$C$31,IF(S46<Paramètres!$B$32,Paramètres!$C$32,IF(S46<Paramètres!$B$33,Paramètres!$C$33,IF(S46<Paramètres!$B$34,Paramètres!$C$34,IF(S46<Paramètres!$B$35,Paramètres!$C$35,IF(S46<Paramètres!$B$36,Paramètres!$C$36,IF(S46<Paramètres!$B$37,Paramètres!$C$37,Paramètres!$C$38))))))))),[3]Données!P493),"") -> De 25 à 29 ans
A47: 491 | B47: KOUBAA | C47: HASSAN | D47: Nador | E47: Employé | F47: 35996 | G47: "2PRO05 | H47: 23903 | I47: =H47+(365.25*60) -> 45818 | J47: 45818 | K47: 0 | L47: Retraite | M47: =K47*(DATEDIF(H47,TODAY(),"m")/12) -> 0 | N47: Mr | P47: NADOR | Q47: =IF(K47=1,IF(Paramètres!$E$9,IF(M47<Paramètres!$B$13,Paramètres!$C$13,IF(M47<Paramètres!$B$14,Paramètres!$C$14,IF(M47<Paramètres!$B$15,Paramètres!$C$15,IF(M47<Paramètres!$B$16,Paramètres!$C$16,IF(M47<Paramètres!$B$17,Paramètres!$C$17,IF(M47<Paramètres!$B$18,Paramètres!$C$18,IF(M47<Paramètres!$B$19,Paramètres!$C$19,IF(M47<Paramètres!$B$20,Paramètres!$C$20,IF(M47<Paramètres!$B$21,Paramètres!$C$21,Paramètres!$C$22))))))))),M47),"") | R47: =+IF(N47="Mr",1,2) -> 1 | S47: =K47*(DATEDIF(F47,TODAY(),"m")/12) -> 0 | T47: =IF(K47=1,IF(Paramètres!$E$25,IF(S47<Paramètres!$B$29,Paramètres!$C$29,IF(S47<Paramètres!$B$30,Paramètres!$C$30,IF(S47<Paramètres!$B$31,Paramètres!$C$31,IF(S47<Paramètres!$B$32,Paramètres!$C$32,IF(S47<Paramètres!$B$33,Paramètres!$C$33,IF(S47<Paramètres!$B$34,Paramètres!$C$34,IF(S47<Paramètres!$B$35,Paramètres!$C$35,IF(S47<Paramètres!$B$36,Paramètres!$C$36,IF(S47<Paramètres!$B$37,Paramètres!$C$37,Paramètres!$C$38))))))))),[3]Données!P604),"")
A48: 492 | B48: LAGHRABLI | C48: BOUCHTA | D48: Nador | E48: Maitrise | F48: 35996 | G48: "2MAI03 | H48: 27837 | I48: =H48+(365.25*60) -> 49752 | K48: 1 | M48: =K48*(DATEDIF(H48,TODAY(),"m")/12) -> 50.25 | N48: Mr | O48: CDI | P48: NADOR | Q48: =IF(K48=1,IF(Paramètres!$E$9,IF(M48<Paramètres!$B$13,Paramètres!$C$13,IF(M48<Paramètres!$B$14,Paramètres!$C$14,IF(M48<Paramètres!$B$15,Paramètres!$C$15,IF(M48<Paramètres!$B$16,Paramètres!$C$16,IF(M48<Paramètres!$B$17,Paramètres!$C$17,IF(M48<Paramètres!$B$18,Paramètres!$C$18,IF(M48<Paramètres!$B$19,Paramètres!$C$19,IF(M48<Paramètres!$B$20,Paramètres!$C$20,IF(M48<Paramètres!$B$21,Paramètres!$C$21,Paramètres!$C$22))))))))),M48),"") -> De 50 à 54 ans | R48: =+IF(N48="Mr",1,2) -> 1 | S48: =K48*(DATEDIF(F48,TODAY(),"m")/12) -> 27.916667 | T48: =IF(K48=1,IF(Paramètres!$E$25,IF(S48<Paramètres!$B$29,Paramètres!$C$29,IF(S48<Paramètres!$B$30,Paramètres!$C$30,IF(S48<Paramètres!$B$31,Paramètres!$C$31,IF(S48<Paramètres!$B$32,Paramètres!$C$32,IF(S48<Paramètres!$B$33,Paramètres!$C$33,IF(S48<Paramètres!$B$34,Paramètres!$C$34,IF(S48<Paramètres!$B$35,Paramètres!$C$35,IF(S48<Paramètres!$B$36,Paramètres!$C$36,IF(S48<Paramètres!$B$37,Paramètres!$C$37,Paramètres!$C$38))))))))),[3]Données!P494),"") -> De 25 à 29 ans
A49: 493 | B49: LAZREG | C49: ABDESLAM | D49: Nador | E49: Maitrise | F49: 35996 | G49: "2MAI04 | H49: 26048 | I49: =H49+(365.25*60) -> 47963 | K49: 1 | M49: =K49*(DATEDIF(H49,TODAY(),"m")/12) -> 55.166667 | N49: Mr | O49: CDI | P49: NADOR | Q49: =IF(K49=1,IF(Paramètres!$E$9,IF(M49<Paramètres!$B$13,Paramètres!$C$13,IF(M49<Paramètres!$B$14,Paramètres!$C$14,IF(M49<Paramètres!$B$15,Paramètres!$C$15,IF(M49<Paramètres!$B$16,Paramètres!$C$16,IF(M49<Paramètres!$B$17,Paramètres!$C$17,IF(M49<Paramètres!$B$18,Paramètres!$C$18,IF(M49<Paramètres!$B$19,Paramètres!$C$19,IF(M49<Paramètres!$B$20,Paramètres!$C$20,IF(M49<Paramètres!$B$21,Paramètres!$C$21,Paramètres!$C$22))))))))),M49),"") -> De 55 à 59 ans | R49: =+IF(N49="Mr",1,2) -> 1 | S49: =K49*(DATEDIF(F49,TODAY(),"m")/12) -> 27.916667 | T49: =IF(K49=1,IF(Paramètres!$E$25,IF(S49<Paramètres!$B$29,Paramètres!$C$29,IF(S49<Paramètres!$B$30,Paramètres!$C$30,IF(S49<Paramètres!$B$31,Paramètres!$C$31,IF(S49<Paramètres!$B$32,Paramètres!$C$32,IF(S49<Paramètres!$B$33,Paramètres!$C$33,IF(S49<Paramètres!$B$34,Paramètres!$C$34,IF(S49<Paramètres!$B$35,Paramètres!$C$35,IF(S49<Paramètres!$B$36,Paramètres!$C$36,IF(S49<Paramètres!$B$37,Paramètres!$C$37,Paramètres!$C$38))))))))),[3]Données!P495),"") -> De 25 à 29 ans
A50: 494 | B50: MACHROUT | C50: RACHID | D50: Nador | E50: Employé | F50: 35996 | G50: "2PRO06 | H50: 26872 | I50: =H50+(365.25*60) -> 48787 | K50: 1 | M50: =K50*(DATEDIF(H50,TODAY(),"m")/12) -> 52.916667 | N50: Mr | O50: CDI | P50: NADOR | Q50: =IF(K50=1,IF(Paramètres!$E$9,IF(M50<Paramètres!$B$13,Paramètres!$C$13,IF(M50<Paramètres!$B$14,Paramètres!$C$14,IF(M50<Paramètres!$B$15,Paramètres!$C$15,IF(M50<Paramètres!$B$16,Paramètres!$C$16,IF(M50<Paramètres!$B$17,Paramètres!$C$17,IF(M50<Paramètres!$B$18,Paramètres!$C$18,IF(M50<Paramètres!$B$19,Paramètres!$C$19,IF(M50<Paramètres!$B$20,Paramètres!$C$20,IF(M50<Paramètres!$B$21,Paramètres!$C$21,Paramètres!$C$22))))))))),M50),"") -> De 50 à 54 ans | R50: =+IF(N50="Mr",1,2) -> 1 | S50: =K50*(DATEDIF(F50,TODAY(),"m")/12) -> 27.916667 | T50: =IF(K50=1,IF(Paramètres!$E$25,IF(S50<Paramètres!$B$29,Paramètres!$C$29,IF(S50<Paramètres!$B$30,Paramètres!$C$30,IF(S50<Paramètres!$B$31,Paramètres!$C$31,IF(S50<Paramètres!$B$32,Paramètres!$C$32,IF(S50<Paramètres!$B$33,Paramètres!$C$33,IF(S50<Paramètres!$B$34,Paramètres!$C$34,IF(S50<Paramètres!$B$35,Paramètres!$C$35,IF(S50<Paramètres!$B$36,Paramètres!$C$36,IF(S50<Paramètres!$B$37,Paramètres!$C$37,Paramètres!$C$38))))))))),[3]Données!P496),"") -> De 25 à 29 ans
A51: 495 | B51: OUHADDOU | C51: MOHAMED | D51: Nador | E51: Maitrise | F51: 35996 | G51: "2MAI03 | H51: 27305 | I51: =H51+(365.25*60) -> 49220 | K51: 1 | M51: =K51*(DATEDIF(H51,TODAY(),"m")/12) -> 51.75 | N51: Mr | O51: CDI | P51: NADOR | Q51: =IF(K51=1,IF(Paramètres!$E$9,IF(M51<Paramètres!$B$13,Paramètres!$C$13,IF(M51<Paramètres!$B$14,Paramètres!$C$14,IF(M51<Paramètres!$B$15,Paramètres!$C$15,IF(M51<Paramètres!$B$16,Paramètres!$C$16,IF(M51<Paramètres!$B$17,Paramètres!$C$17,IF(M51<Paramètres!$B$18,Paramètres!$C$18,IF(M51<Paramètres!$B$19,Paramètres!$C$19,IF(M51<Paramètres!$B$20,Paramètres!$C$20,IF(M51<Paramètres!$B$21,Paramètres!$C$21,Paramètres!$C$22))))))))),M51),"") -> De 50 à 54 ans | R51: =+IF(N51="Mr",1,2) -> 1 | S51: =K51*(DATEDIF(F51,TODAY(),"m")/12) -> 27.916667 | T51: =IF(K51=1,IF(Paramètres!$E$25,IF(S51<Paramètres!$B$29,Paramètres!$C$29,IF(S51<Paramètres!$B$30,Paramètres!$C$30,IF(S51<Paramètres!$B$31,Paramètres!$C$31,IF(S51<Paramètres!$B$32,Paramètres!$C$32,IF(S51<Paramètres!$B$33,Paramètres!$C$33,IF(S51<Paramètres!$B$34,Paramètres!$C$34,IF(S51<Paramètres!$B$35,Paramètres!$C$35,IF(S51<Paramètres!$B$36,Paramètres!$C$36,IF(S51<Paramètres!$B$37,Paramètres!$C$37,Paramètres!$C$38))))))))),[3]Données!P497),"") -> De 25 à 29 ans
A52: 496 | B52: RADI | C52: ABDELKRIM | D52: Nador | E52: Maitrise | F52: 35996 | G52: "2MAI02 | H52: 26177 | I52: =H52+(365.25*60) -> 48092 | K52: 1 | M52: =K52*(DATEDIF(H52,TODAY(),"m")/12) -> 54.833333 | N52: Mr | O52: CDI | P52: NADOR | Q52: =IF(K52=1,IF(Paramètres!$E$9,IF(M52<Paramètres!$B$13,Paramètres!$C$13,IF(M52<Paramètres!$B$14,Paramètres!$C$14,IF(M52<Paramètres!$B$15,Paramètres!$C$15,IF(M52<Paramètres!$B$16,Paramètres!$C$16,IF(M52<Paramètres!$B$17,Paramètres!$C$17,IF(M52<Paramètres!$B$18,Paramètres!$C$18,IF(M52<Paramètres!$B$19,Paramètres!$C$19,IF(M52<Paramètres!$B$20,Paramètres!$C$20,IF(M52<Paramètres!$B$21,Paramètres!$C$21,Paramètres!$C$22))))))))),M52),"") -> De 50 à 54 ans | R52: =+IF(N52="Mr",1,2) -> 1 | S52: =K52*(DATEDIF(F52,TODAY(),"m")/12) -> 27.916667 | T52: =IF(K52=1,IF(Paramètres!$E$25,IF(S52<Paramètres!$B$29,Paramètres!$C$29,IF(S52<Paramètres!$B$30,Paramètres!$C$30,IF(S52<Paramètres!$B$31,Paramètres!$C$31,IF(S52<Paramètres!$B$32,Paramètres!$C$32,IF(S52<Paramètres!$B$33,Paramètres!$C$33,IF(S52<Paramètres!$B$34,Paramètres!$C$34,IF(S52<Paramètres!$B$35,Paramètres!$C$35,IF(S52<Paramètres!$B$36,Paramètres!$C$36,IF(S52<Paramètres!$B$37,Paramètres!$C$37,Paramètres!$C$38))))))))),[3]Données!P498),"") -> De 25 à 29 ans
A53: 497 | B53: ROUMANI | C53: BRAHIM | D53: Nador | E53: Employé | F53: 35996 | G53: "2PRO02 | H53: 26361 | I53: =H53+(365.25*60) -> 48276 | K53: 1 | M53: =K53*(DATEDIF(H53,TODAY(),"m")/12) -> 54.333333 | N53: Mr | O53: CDI | P53: NADOR | Q53: =IF(K53=1,IF(Paramètres!$E$9,IF(M53<Paramètres!$B$13,Paramètres!$C$13,IF(M53<Paramètres!$B$14,Paramètres!$C$14,IF(M53<Paramètres!$B$15,Paramètres!$C$15,IF(M53<Paramètres!$B$16,Paramètres!$C$16,IF(M53<Paramètres!$B$17,Paramètres!$C$17,IF(M53<Paramètres!$B$18,Paramètres!$C$18,IF(M53<Paramètres!$B$19,Paramètres!$C$19,IF(M53<Paramètres!$B$20,Paramètres!$C$20,IF(M53<Paramètres!$B$21,Paramètres!$C$21,Paramètres!$C$22))))))))),M53),"") -> De 50 à 54 ans | R53: =+IF(N53="Mr",1,2) -> 1 | S53: =K53*(DATEDIF(F53,TODAY(),"m")/12) -> 27.916667 | T53: =IF(K53=1,IF(Paramètres!$E$25,IF(S53<Paramètres!$B$29,Paramètres!$C$29,IF(S53<Paramètres!$B$30,Paramètres!$C$30,IF(S53<Paramètres!$B$31,Paramètres!$C$31,IF(S53<Paramètres!$B$32,Paramètres!$C$32,IF(S53<Paramètres!$B$33,Paramètres!$C$33,IF(S53<Paramètres!$B$34,Paramètres!$C$34,IF(S53<Paramètres!$B$35,Paramètres!$C$35,IF(S53<Paramètres!$B$36,Paramètres!$C$36,IF(S53<Paramètres!$B$37,Paramètres!$C$37,Paramètres!$C$38))))))))),[3]Données!P499),"") -> De 25 à 29 ans
A54: 498 | B54: TALEB | C54: MOHAMMED | D54: Nador | E54: Employé | F54: 35996 | G54: "2MAI09 | H54: 25749 | I54: =H54+(365.25*60) -> 47664 | K54: 1 | M54: =K54*(DATEDIF(H54,TODAY(),"m")/12) -> 56 | N54: Mr | O54: CDI | P54: NADOR | Q54: =IF(K54=1,IF(Paramètres!$E$9,IF(M54<Paramètres!$B$13,Paramètres!$C$13,IF(M54<Paramètres!$B$14,Paramètres!$C$14,IF(M54<Paramètres!$B$15,Paramètres!$C$15,IF(M54<Paramètres!$B$16,Paramètres!$C$16,IF(M54<Paramètres!$B$17,Paramètres!$C$17,IF(M54<Paramètres!$B$18,Paramètres!$C$18,IF(M54<Paramètres!$B$19,Paramètres!$C$19,IF(M54<Paramètres!$B$20,Paramètres!$C$20,IF(M54<Paramètres!$B$21,Paramètres!$C$21,Paramètres!$C$22))))))))),M54),"") -> De 55 à 59 ans | R54: =+IF(N54="Mr",1,2) -> 1 | S54: =K54*(DATEDIF(F54,TODAY(),"m")/12) -> 27.916667 | T54: =IF(K54=1,IF(Paramètres!$E$25,IF(S54<Paramètres!$B$29,Paramètres!$C$29,IF(S54<Paramètres!$B$30,Paramètres!$C$30,IF(S54<Paramètres!$B$31,Paramètres!$C$31,IF(S54<Paramètres!$B$32,Paramètres!$C$32,IF(S54<Paramètres!$B$33,Paramètres!$C$33,IF(S54<Paramètres!$B$34,Paramètres!$C$34,IF(S54<Paramètres!$B$35,Paramètres!$C$35,IF(S54<Paramètres!$B$36,Paramètres!$C$36,IF(S54<Paramètres!$B$37,Paramètres!$C$37,Paramètres!$C$38))))))))),[3]Données!P500),"") -> De 25 à 29 ans
A55: 499 | B55: CHOURI | C55: ALI | D55: Nador | E55: Employé | F55: 35997 | G55: "2MAI03 | H55: 26602 | I55: =H55+(365.25*60) -> 48517 | J55: 45870 | K55: 0 | L55: Démission | M55: =K55*(DATEDIF(H55,TODAY(),"m")/12) -> 0 | N55: Mr | P55: NADOR | Q55: =IF(K55=1,IF(Paramètres!$E$9,IF(M55<Paramètres!$B$13,Paramètres!$C$13,IF(M55<Paramètres!$B$14,Paramètres!$C$14,IF(M55<Paramètres!$B$15,Paramètres!$C$15,IF(M55<Paramètres!$B$16,Paramètres!$C$16,IF(M55<Paramètres!$B$17,Paramètres!$C$17,IF(M55<Paramètres!$B$18,Paramètres!$C$18,IF(M55<Paramètres!$B$19,Paramètres!$C$19,IF(M55<Paramètres!$B$20,Paramètres!$C$20,IF(M55<Paramètres!$B$21,Paramètres!$C$21,Paramètres!$C$22))))))))),M55),"") | R55: =+IF(N55="Mr",1,2) -> 1 | S55: =K55*(DATEDIF(F55,TODAY(),"m")/12) -> 0 | T55: =IF(K55=1,IF(Paramètres!$E$25,IF(S55<Paramètres!$B$29,Paramètres!$C$29,IF(S55<Paramètres!$B$30,Paramètres!$C$30,IF(S55<Paramètres!$B$31,Paramètres!$C$31,IF(S55<Paramètres!$B$32,Paramètres!$C$32,IF(S55<Paramètres!$B$33,Paramètres!$C$33,IF(S55<Paramètres!$B$34,Paramètres!$C$34,IF(S55<Paramètres!$B$35,Paramètres!$C$35,IF(S55<Paramètres!$B$36,Paramètres!$C$36,IF(S55<Paramètres!$B$37,Paramètres!$C$37,Paramètres!$C$38))))))))),[3]Données!P605),"")
A56: 504 | B56: EL BOUJADAYNI | C56: AHMED AZDIN | D56: Nador | E56: Employé | F56: 36039 | G56: "2PRO06 | H56: 24416 | I56: =H56+(365.25*60) -> 46331 | K56: 1 | M56: =K56*(DATEDIF(H56,TODAY(),"m")/12) -> 59.666667 | N56: Mr | O56: CDI | P56: NADOR | Q56: =IF(K56=1,IF(Paramètres!$E$9,IF(M56<Paramètres!$B$13,Paramètres!$C$13,IF(M56<Paramètres!$B$14,Paramètres!$C$14,IF(M56<Paramètres!$B$15,Paramètres!$C$15,IF(M56<Paramètres!$B$16,Paramètres!$C$16,IF(M56<Paramètres!$B$17,Paramètres!$C$17,IF(M56<Paramètres!$B$18,Paramètres!$C$18,IF(M56<Paramètres!$B$19,Paramètres!$C$19,IF(M56<Paramètres!$B$20,Paramètres!$C$20,IF(M56<Paramètres!$B$21,Paramètres!$C$21,Paramètres!$C$22))))))))),M56),"") -> De 55 à 59 ans | R56: =+IF(N56="Mr",1,2) -> 1 | S56: =K56*(DATEDIF(F56,TODAY(),"m")/12) -> 27.833333 | T56: =IF(K56=1,IF(Paramètres!$E$25,IF(S56<Paramètres!$B$29,Paramètres!$C$29,IF(S56<Paramètres!$B$30,Paramètres!$C$30,IF(S56<Paramètres!$B$31,Paramètres!$C$31,IF(S56<Paramètres!$B$32,Paramètres!$C$32,IF(S56<Paramètres!$B$33,Paramètres!$C$33,IF(S56<Paramètres!$B$34,Paramètres!$C$34,IF(S56<Paramètres!$B$35,Paramètres!$C$35,IF(S56<Paramètres!$B$36,Paramètres!$C$36,IF(S56<Paramètres!$B$37,Paramètres!$C$37,Paramètres!$C$38))))))))),[3]Données!P501),"") -> De 25 à 29 ans
A57: 505 | B57: ET-TAZI | C57: ABDENBI | D57: Nador | E57: Employé | F57: 36039 | G57: "2MGX01 | H57: 26114 | I57: =H57+(365.25*60) -> 48029 | K57: 1 | M57: =K57*(DATEDIF(H57,TODAY(),"m")/12) -> 55 | N57: Mr | O57: CDI | P57: NADOR | Q57: =IF(K57=1,IF(Paramètres!$E$9,IF(M57<Paramètres!$B$13,Paramètres!$C$13,IF(M57<Paramètres!$B$14,Paramètres!$C$14,IF(M57<Paramètres!$B$15,Paramètres!$C$15,IF(M57<Paramètres!$B$16,Paramètres!$C$16,IF(M57<Paramètres!$B$17,Paramètres!$C$17,IF(M57<Paramètres!$B$18,Paramètres!$C$18,IF(M57<Paramètres!$B$19,Paramètres!$C$19,IF(M57<Paramètres!$B$20,Paramètres!$C$20,IF(M57<Paramètres!$B$21,Paramètres!$C$21,Paramètres!$C$22))))))))),M57),"") -> De 55 à 59 ans | R57: =+IF(N57="Mr",1,2) -> 1 | S57: =K57*(DATEDIF(F57,TODAY(),"m")/12) -> 27.833333 | T57: =IF(K57=1,IF(Paramètres!$E$25,IF(S57<Paramètres!$B$29,Paramètres!$C$29,IF(S57<Paramètres!$B$30,Paramètres!$C$30,IF(S57<Paramètres!$B$31,Paramètres!$C$31,IF(S57<Paramètres!$B$32,Paramètres!$C$32,IF(S57<Paramètres!$B$33,Paramètres!$C$33,IF(S57<Paramètres!$B$34,Paramètres!$C$34,IF(S57<Paramètres!$B$35,Paramètres!$C$35,IF(S57<Paramètres!$B$36,Paramètres!$C$36,IF(S57<Paramètres!$B$37,Paramètres!$C$37,Paramètres!$C$38))))))))),[3]Données!P502),"") -> De 25 à 29 ans
A58: 507 | B58: LAOUKILI | C58: AHMED | D58: Nador | E58: Employé | F58: 36039 | G58: "2PRO05 | H58: 24288 | I58: =H58+(365.25*60) -> 46203 | K58: 1 | M58: =K58*(DATEDIF(H58,TODAY(),"m")/12) -> 60 | N58: Mr | O58: CDI | P58: NADOR | Q58: =IF(K58=1,IF(Paramètres!$E$9,IF(M58<Paramètres!$B$13,Paramètres!$C$13,IF(M58<Paramètres!$B$14,Paramètres!$C$14,IF(M58<Paramètres!$B$15,Paramètres!$C$15,IF(M58<Paramètres!$B$16,Paramètres!$C$16,IF(M58<Paramètres!$B$17,Paramètres!$C$17,IF(M58<Paramètres!$B$18,Paramètres!$C$18,IF(M58<Paramètres!$B$19,Paramètres!$C$19,IF(M58<Paramètres!$B$20,Paramètres!$C$20,IF(M58<Paramètres!$B$21,Paramètres!$C$21,Paramètres!$C$22))))))))),M58),"") -> De 60 à 64 ans | R58: =+IF(N58="Mr",1,2) -> 1 | S58: =K58*(DATEDIF(F58,TODAY(),"m")/12) -> 27.833333 | T58: =IF(K58=1,IF(Paramètres!$E$25,IF(S58<Paramètres!$B$29,Paramètres!$C$29,IF(S58<Paramètres!$B$30,Paramètres!$C$30,IF(S58<Paramètres!$B$31,Paramètres!$C$31,IF(S58<Paramètres!$B$32,Paramètres!$C$32,IF(S58<Paramètres!$B$33,Paramètres!$C$33,IF(S58<Paramètres!$B$34,Paramètres!$C$34,IF(S58<Paramètres!$B$35,Paramètres!$C$35,IF(S58<Paramètres!$B$36,Paramètres!$C$36,IF(S58<Paramètres!$B$37,Paramètres!$C$37,Paramètres!$C$38))))))))),[3]Données!P503),"") -> De 25 à 29 ans
A59: 510 | B59: LAKHAL | C59: HAMID | D59: Nador | E59: Maitrise | F59: 36395 | G59: "2PRO04 | H59: 28607 | I59: =H59+(365.25*60) -> 50522 | K59: 1 | M59: =K59*(DATEDIF(H59,TODAY(),"m")/12) -> 48.166667 | N59: Mr | O59: CDI | P59: NADOR | Q59: =IF(K59=1,IF(Paramètres!$E$9,IF(M59<Paramètres!$B$13,Paramètres!$C$13,IF(M59<Paramètres!$B$14,Paramètres!$C$14,IF(M59<Paramètres!$B$15,Paramètres!$C$15,IF(M59<Paramètres!$B$16,Paramètres!$C$16,IF(M59<Paramètres!$B$17,Paramètres!$C$17,IF(M59<Paramètres!$B$18,Paramètres!$C$18,IF(M59<Paramètres!$B$19,Paramètres!$C$19,IF(M59<Paramètres!$B$20,Paramètres!$C$20,IF(M59<Paramètres!$B$21,Paramètres!$C$21,Paramètres!$C$22))))))))),M59),"") -> De 45 à 49 ans | R59: =+IF(N59="Mr",1,2) -> 1 | S59: =K59*(DATEDIF(F59,TODAY(),"m")/12) -> 26.833333 | T59: =IF(K59=1,IF(Paramètres!$E$25,IF(S59<Paramètres!$B$29,Paramètres!$C$29,IF(S59<Paramètres!$B$30,Paramètres!$C$30,IF(S59<Paramètres!$B$31,Paramètres!$C$31,IF(S59<Paramètres!$B$32,Paramètres!$C$32,IF(S59<Paramètres!$B$33,Paramètres!$C$33,IF(S59<Paramètres!$B$34,Paramètres!$C$34,IF(S59<Paramètres!$B$35,Paramètres!$C$35,IF(S59<Paramètres!$B$36,Paramètres!$C$36,IF(S59<Paramètres!$B$37,Paramètres!$C$37,Paramètres!$C$38))))))))),[3]Données!P504),"") -> De 25 à 29 ans
A60: 511 | B60: EL FARES | C60: ABDELRHANI | D60: Nador | E60: Employé | F60: 36466 | G60: "2PRO05 | H60: 26515 | I60: =H60+(365.25*60) -> 48430 | K60: 1 | M60: =K60*(DATEDIF(H60,TODAY(),"m")/12) -> 53.916667 | N60: Mr | O60: CDI | P60: NADOR | Q60: =IF(K60=1,IF(Paramètres!$E$9,IF(M60<Paramètres!$B$13,Paramètres!$C$13,IF(M60<Paramètres!$B$14,Paramètres!$C$14,IF(M60<Paramètres!$B$15,Paramètres!$C$15,IF(M60<Paramètres!$B$16,Paramètres!$C$16,IF(M60<Paramètres!$B$17,Paramètres!$C$17,IF(M60<Paramètres!$B$18,Paramètres!$C$18,IF(M60<Paramètres!$B$19,Paramètres!$C$19,IF(M60<Paramètres!$B$20,Paramètres!$C$20,IF(M60<Paramètres!$B$21,Paramètres!$C$21,Paramètres!$C$22))))))))),M60),"") -> De 50 à 54 ans | R60: =+IF(N60="Mr",1,2) -> 1 | S60: =K60*(DATEDIF(F60,TODAY(),"m")/12) -> 26.666667 | T60: =IF(K60=1,IF(Paramètres!$E$25,IF(S60<Paramètres!$B$29,Paramètres!$C$29,IF(S60<Paramètres!$B$30,Paramètres!$C$30,IF(S60<Paramètres!$B$31,Paramètres!$C$31,IF(S60<Paramètres!$B$32,Paramètres!$C$32,IF(S60<Paramètres!$B$33,Paramètres!$C$33,IF(S60<Paramètres!$B$34,Paramètres!$C$34,IF(S60<Paramètres!$B$35,Paramètres!$C$35,IF(S60<Paramètres!$B$36,Paramètres!$C$36,IF(S60<Paramètres!$B$37,Paramètres!$C$37,Paramètres!$C$38))))))))),[3]Données!P505),"") -> De 25 à 29 ans
A61: 512 | B61: ER RAJI | C61: MOHAMED | D61: Nador | E61: Maitrise | F61: 36472 | G61: "2FIB01 | H61: 29036 | I61: =H61+(365.25*60) -> 50951 | K61: 1 | M61: =K61*(DATEDIF(H61,TODAY(),"m")/12) -> 47 | N61: Mr | O61: CDI | P61: NADOR | Q61: =IF(K61=1,IF(Paramètres!$E$9,IF(M61<Paramètres!$B$13,Paramètres!$C$13,IF(M61<Paramètres!$B$14,Paramètres!$C$14,IF(M61<Paramètres!$B$15,Paramètres!$C$15,IF(M61<Paramètres!$B$16,Paramètres!$C$16,IF(M61<Paramètres!$B$17,Paramètres!$C$17,IF(M61<Paramètres!$B$18,Paramètres!$C$18,IF(M61<Paramètres!$B$19,Paramètres!$C$19,IF(M61<Paramètres!$B$20,Paramètres!$C$20,IF(M61<Paramètres!$B$21,Paramètres!$C$21,Paramètres!$C$22))))))))),M61),"") -> De 45 à 49 ans | R61: =+IF(N61="Mr",1,2) -> 1 | S61: =K61*(DATEDIF(F61,TODAY(),"m")/12) -> 26.583333 | T61: =IF(K61=1,IF(Paramètres!$E$25,IF(S61<Paramètres!$B$29,Paramètres!$C$29,IF(S61<Paramètres!$B$30,Paramètres!$C$30,IF(S61<Paramètres!$B$31,Paramètres!$C$31,IF(S61<Paramètres!$B$32,Paramètres!$C$32,IF(S61<Paramètres!$B$33,Paramètres!$C$33,IF(S61<Paramètres!$B$34,Paramètres!$C$34,IF(S61<Paramètres!$B$35,Paramètres!$C$35,IF(S61<Paramètres!$B$36,Paramètres!$C$36,IF(S61<Paramètres!$B$37,Paramètres!$C$37,Paramètres!$C$38))))))))),[3]Données!P506),"") -> De 25 à 29 ans
A62: 588 | B62: JEBBAR | C62: ABDELKARIM | D62: Nador | E62: Maitrise | F62: 37396 | G62: "2MAI02 | H62: 28889 | I62: =H62+(365.25*60) -> 50804 | K62: 1 | M62: =K62*(DATEDIF(H62,TODAY(),"m")/12) -> 47.416667 | N62: Mr | O62: CDI | P62: NADOR | Q62: =IF(K62=1,IF(Paramètres!$E$9,IF(M62<Paramètres!$B$13,Paramètres!$C$13,IF(M62<Paramètres!$B$14,Paramètres!$C$14,IF(M62<Paramètres!$B$15,Paramètres!$C$15,IF(M62<Paramètres!$B$16,Paramètres!$C$16,IF(M62<Paramètres!$B$17,Paramètres!$C$17,IF(M62<Paramètres!$B$18,Paramètres!$C$18,IF(M62<Paramètres!$B$19,Paramètres!$C$19,IF(M62<Paramètres!$B$20,Paramètres!$C$20,IF(M62<Paramètres!$B$21,Paramètres!$C$21,Paramètres!$C$22))))))))),M62),"") -> De 45 à 49 ans | R62: =+IF(N62="Mr",1,2) -> 1 | S62: =K62*(DATEDIF(F62,TODAY(),"m")/12) -> 24.083333 | T62: =IF(K62=1,IF(Paramètres!$E$25,IF(S62<Paramètres!$B$29,Paramètres!$C$29,IF(S62<Paramètres!$B$30,Paramètres!$C$30,IF(S62<Paramètres!$B$31,Paramètres!$C$31,IF(S62<Paramètres!$B$32,Paramètres!$C$32,IF(S62<Paramètres!$B$33,Paramètres!$C$33,IF(S62<Paramètres!$B$34,Paramètres!$C$34,IF(S62<Paramètres!$B$35,Paramètres!$C$35,IF(S62<Paramètres!$B$36,Paramètres!$C$36,IF(S62<Paramètres!$B$37,Paramètres!$C$37,Paramètres!$C$38))))))))),[3]Données!P507),"") -> De 20 à 24 ans
A63: 596 | B63: BEN JILALI | C63: MOHAMED | D63: Nador | E63: Employé | F63: 37459 | G63: "2PRO06 | H63: 29479 | I63: =H63+(365.25*60) -> 51394 | K63: 1 | M63: =K63*(DATEDIF(H63,TODAY(),"m")/12) -> 45.75 | N63: Mr | O63: CDI | P63: NADOR | Q63: =IF(K63=1,IF(Paramètres!$E$9,IF(M63<Paramètres!$B$13,Paramètres!$C$13,IF(M63<Paramètres!$B$14,Paramètres!$C$14,IF(M63<Paramètres!$B$15,Paramètres!$C$15,IF(M63<Paramètres!$B$16,Paramètres!$C$16,IF(M63<Paramètres!$B$17,Paramètres!$C$17,IF(M63<Paramètres!$B$18,Paramètres!$C$18,IF(M63<Paramètres!$B$19,Paramètres!$C$19,IF(M63<Paramètres!$B$20,Paramètres!$C$20,IF(M63<Paramètres!$B$21,Paramètres!$C$21,Paramètres!$C$22))))))))),M63),"") -> De 45 à 49 ans | R63: =+IF(N63="Mr",1,2) -> 1 | S63: =K63*(DATEDIF(F63,TODAY(),"m")/12) -> 23.916667 | T63: =IF(K63=1,IF(Paramètres!$E$25,IF(S63<Paramètres!$B$29,Paramètres!$C$29,IF(S63<Paramètres!$B$30,Paramètres!$C$30,IF(S63<Paramètres!$B$31,Paramètres!$C$31,IF(S63<Paramètres!$B$32,Paramètres!$C$32,IF(S63<Paramètres!$B$33,Paramètres!$C$33,IF(S63<Paramètres!$B$34,Paramètres!$C$34,IF(S63<Paramètres!$B$35,Paramètres!$C$35,IF(S63<Paramètres!$B$36,Paramètres!$C$36,IF(S63<Paramètres!$B$37,Paramètres!$C$37,Paramètres!$C$38))))))))),[3]Données!P508),"") -> De 20 à 24 ans
A64: 597 | B64: CHAOUCH | C64: RADOAN | D64: Nador | E64: Maitrise | F64: 37459 | G64: "2PRO03 | H64: 26873 | I64: =H64+(365.25*60) -> 48788 | K64: 1 | M64: =K64*(DATEDIF(H64,TODAY(),"m")/12) -> 52.916667 | N64: Mr | O64: CDI | P64: NADOR | Q64: =IF(K64=1,IF(Paramètres!$E$9,IF(M64<Paramètres!$B$13,Paramètres!$C$13,IF(M64<Paramètres!$B$14,Paramètres!$C$14,IF(M64<Paramètres!$B$15,Paramètres!$C$15,IF(M64<Paramètres!$B$16,Paramètres!$C$16,IF(M64<Paramètres!$B$17,Paramètres!$C$17,IF(M64<Paramètres!$B$18,Paramètres!$C$18,IF(M64<Paramètres!$B$19,Paramètres!$C$19,IF(M64<Paramètres!$B$20,Paramètres!$C$20,IF(M64<Paramètres!$B$21,Paramètres!$C$21,Paramètres!$C$22))))))))),M64),"") -> De 50 à 54 ans | R64: =+IF(N64="Mr",1,2) -> 1 | S64: =K64*(DATEDIF(F64,TODAY(),"m")/12) -> 23.916667 | T64: =IF(K64=1,IF(Paramètres!$E$25,IF(S64<Paramètres!$B$29,Paramètres!$C$29,IF(S64<Paramètres!$B$30,Paramètres!$C$30,IF(S64<Paramètres!$B$31,Paramètres!$C$31,IF(S64<Paramètres!$B$32,Paramètres!$C$32,IF(S64<Paramètres!$B$33,Paramètres!$C$33,IF(S64<Paramètres!$B$34,Paramètres!$C$34,IF(S64<Paramètres!$B$35,Paramètres!$C$35,IF(S64<Paramètres!$B$36,Paramètres!$C$36,IF(S64<Paramètres!$B$37,Paramètres!$C$37,Paramètres!$C$38))))))))),[3]Données!P509),"") -> De 20 à 24 ans
A65: 819 | B65: ABDELKHALEK | C65: AMINE | D65: Nador | E65: Maitrise | F65: 38719 | G65: "2PRO01 | H65: 31379 | I65: =H65+(365.25*60) -> 53294 | K65: 1 | M65: =K65*(DATEDIF(H65,TODAY(),"m")/12) -> 40.583333 | N65: Mr | O65: CDI | P65: NADOR | Q65: =IF(K65=1,IF(Paramètres!$E$9,IF(M65<Paramètres!$B$13,Paramètres!$C$13,IF(M65<Paramètres!$B$14,Paramètres!$C$14,IF(M65<Paramètres!$B$15,Paramètres!$C$15,IF(M65<Paramètres!$B$16,Paramètres!$C$16,IF(M65<Paramètres!$B$17,Paramètres!$C$17,IF(M65<Paramètres!$B$18,Paramètres!$C$18,IF(M65<Paramètres!$B$19,Paramètres!$C$19,IF(M65<Paramètres!$B$20,Paramètres!$C$20,IF(M65<Paramètres!$B$21,Paramètres!$C$21,Paramètres!$C$22))))))))),M65),"") -> De 40 à 44 ans | R65: =+IF(N65="Mr",1,2) -> 1 | S65: =K65*(DATEDIF(F65,TODAY(),"m")/12) -> 20.5 | T65: =IF(K65=1,IF(Paramètres!$E$25,IF(S65<Paramètres!$B$29,Paramètres!$C$29,IF(S65<Paramètres!$B$30,Paramètres!$C$30,IF(S65<Paramètres!$B$31,Paramètres!$C$31,IF(S65<Paramètres!$B$32,Paramètres!$C$32,IF(S65<Paramètres!$B$33,Paramètres!$C$33,IF(S65<Paramètres!$B$34,Paramètres!$C$34,IF(S65<Paramètres!$B$35,Paramètres!$C$35,IF(S65<Paramètres!$B$36,Paramètres!$C$36,IF(S65<Paramètres!$B$37,Paramètres!$C$37,Paramètres!$C$38))))))))),[3]Données!P510),"") -> De 20 à 24 ans
A66: 823 | B66: EL OUALI | C66: MOHAMMED | D66: Nador | E66: Cadre | F66: 38719 | G66: "2MAI02 | H66: 30934 | I66: =H66+(365.25*60) -> 52849 | K66: 1 | M66: =K66*(DATEDIF(H66,TODAY(),"m")/12) -> 41.75 | N66: Mr | O66: CDI | P66: NADOR | Q66: =IF(K66=1,IF(Paramètres!$E$9,IF(M66<Paramètres!$B$13,Paramètres!$C$13,IF(M66<Paramètres!$B$14,Paramètres!$C$14,IF(M66<Paramètres!$B$15,Paramètres!$C$15,IF(M66<Paramètres!$B$16,Paramètres!$C$16,IF(M66<Paramètres!$B$17,Paramètres!$C$17,IF(M66<Paramètres!$B$18,Paramètres!$C$18,IF(M66<Paramètres!$B$19,Paramètres!$C$19,IF(M66<Paramètres!$B$20,Paramètres!$C$20,IF(M66<Paramètres!$B$21,Paramètres!$C$21,Paramètres!$C$22))))))))),M66),"") -> De 40 à 44 ans | R66: =+IF(N66="Mr",1,2) -> 1 | S66: =K66*(DATEDIF(F66,TODAY(),"m")/12) -> 20.5 | T66: =IF(K66=1,IF(Paramètres!$E$25,IF(S66<Paramètres!$B$29,Paramètres!$C$29,IF(S66<Paramètres!$B$30,Paramètres!$C$30,IF(S66<Paramètres!$B$31,Paramètres!$C$31,IF(S66<Paramètres!$B$32,Paramètres!$C$32,IF(S66<Paramètres!$B$33,Paramètres!$C$33,IF(S66<Paramètres!$B$34,Paramètres!$C$34,IF(S66<Paramètres!$B$35,Paramètres!$C$35,IF(S66<Paramètres!$B$36,Paramètres!$C$36,IF(S66<Paramètres!$B$37,Paramètres!$C$37,Paramètres!$C$38))))))))),[3]Données!P511),"") -> De 20 à 24 ans
A67: 824 | B67: ZANIBOU | C67: EL M'FADDAL | D67: Nador | E67: Maitrise | F67: 38719 | G67: "2PRO05 | H67: 30230 | I67: =H67+(365.25*60) -> 52145 | K67: 1 | M67: =K67*(DATEDIF(H67,TODAY(),"m")/12) -> 43.75 | N67: Mr | O67: CDI | P67: NADOR | Q67: =IF(K67=1,IF(Paramètres!$E$9,IF(M67<Paramètres!$B$13,Paramètres!$C$13,IF(M67<Paramètres!$B$14,Paramètres!$C$14,IF(M67<Paramètres!$B$15,Paramètres!$C$15,IF(M67<Paramètres!$B$16,Paramètres!$C$16,IF(M67<Paramètres!$B$17,Paramètres!$C$17,IF(M67<Paramètres!$B$18,Paramètres!$C$18,IF(M67<Paramètres!$B$19,Paramètres!$C$19,IF(M67<Paramètres!$B$20,Paramètres!$C$20,IF(M67<Paramètres!$B$21,Paramètres!$C$21,Paramètres!$C$22))))))))),M67),"") -> De 40 à 44 ans | R67: =+IF(N67="Mr",1,2) -> 1 | S67: =K67*(DATEDIF(F67,TODAY(),"m")/12) -> 20.5 | T67: =IF(K67=1,IF(Paramètres!$E$25,IF(S67<Paramètres!$B$29,Paramètres!$C$29,IF(S67<Paramètres!$B$30,Paramètres!$C$30,IF(S67<Paramètres!$B$31,Paramètres!$C$31,IF(S67<Paramètres!$B$32,Paramètres!$C$32,IF(S67<Paramètres!$B$33,Paramètres!$C$33,IF(S67<Paramètres!$B$34,Paramètres!$C$34,IF(S67<Paramètres!$B$35,Paramètres!$C$35,IF(S67<Paramètres!$B$36,Paramètres!$C$36,IF(S67<Paramètres!$B$37,Paramètres!$C$37,Paramètres!$C$38))))))))),[3]Données!P512),"") -> De 20 à 24 ans
... A73: 1082 | B73: EL BARRAGHI | C73: RACHID | D73: Nador | E73: Maitrise | F73: 39860 | G73: "2MAI03 | H73: 31635 | I73: =H73+(365.25*60) -> 53550 | K73: 1 | M73: =K73*(DATEDIF(H73,TODAY(),"m")/12) -> 39.833333 | N73: Mr | O73: CDI | P73: NADOR | Q73: =IF(K73=1,IF(Paramètres!$E$9,IF(M73<Paramètres!$B$13,Paramètres!$C$13,IF(M73<Paramètres!$B$14,Paramètres!$C$14,IF(M73<Paramètres!$B$15,Paramètres!$C$15,IF(M73<Paramètres!$B$16,Paramètres!$C$16,IF(M73<Paramètres!$B$17,Paramètres!$C$17,IF(M73<Paramètres!$B$18,Paramètres!$C$18,IF(M73<Paramètres!$B$19,Paramètres!$C$19,IF(M73<Paramètres!$B$20,Paramètres!$C$20,IF(M73<Paramètres!$B$21,Paramètres!$C$21,Paramètres!$C$22))))))))),M73),"") -> De 35 à 39 ans | R73: =+IF(N73="Mr",1,2) -> 1 | S73: =K73*(DATEDIF(F73,TODAY(),"m")/12) -> 17.333333 | T73: =IF(K73=1,IF(Paramètres!$E$25,IF(S73<Paramètres!$B$29,Paramètres!$C$29,IF(S73<Paramètres!$B$30,Paramètres!$C$30,IF(S73<Paramètres!$B$31,Paramètres!$C$31,IF(S73<Paramètres!$B$32,Paramètres!$C$32,IF(S73<Paramètres!$B$33,Paramètres!$C$33,IF(S73<Paramètres!$B$34,Paramètres!$C$34,IF(S73<Paramètres!$B$35,Paramètres!$C$35,IF(S73<Paramètres!$B$36,Paramètres!$C$36,IF(S73<Paramètres!$B$37,Paramètres!$C$37,Paramètres!$C$38))))))))),[3]Données!P518),"") -> De 15 à 19 ans
A74: 1185 | B74: CHAKER | C74: Hassan | D74: Nador | E74: Employé | F74: 40360 | G74: "2PRO03 | H74: 31393 | I74: =H74+(365.25*60) -> 53308 | J74: 45702 | K74: 0 | L74: Démission | M74: =K74*(DATEDIF(H74,TODAY(),"m")/12) -> 0 | N74: Mr | P74: NADOR | Q74: =IF(K74=1,IF(Paramètres!$E$9,IF(M74<Paramètres!$B$13,Paramètres!$C$13,IF(M74<Paramètres!$B$14,Paramètres!$C$14,IF(M74<Paramètres!$B$15,Paramètres!$C$15,IF(M74<Paramètres!$B$16,Paramètres!$C$16,IF(M74<Paramètres!$B$17,Paramètres!$C$17,IF(M74<Paramètres!$B$18,Paramètres!$C$18,IF(M74<Paramètres!$B$19,Paramètres!$C$19,IF(M74<Paramètres!$B$20,Paramètres!$C$20,IF(M74<Paramètres!$B$21,Paramètres!$C$21,Paramètres!$C$22))))))))),M74),"") | R74: =+IF(N74="Mr",1,2) -> 1 | S74: =K74*(DATEDIF(F74,TODAY(),"m")/12) -> 0 | T74: =IF(K74=1,IF(Paramètres!$E$25,IF(S74<Paramètres!$B$29,Paramètres!$C$29,IF(S74<Paramètres!$B$30,Paramètres!$C$30,IF(S74<Paramètres!$B$31,Paramètres!$C$31,IF(S74<Paramètres!$B$32,Paramètres!$C$32,IF(S74<Paramètres!$B$33,Paramètres!$C$33,IF(S74<Paramètres!$B$34,Paramètres!$C$34,IF(S74<Paramètres!$B$35,Paramètres!$C$35,IF(S74<Paramètres!$B$36,Paramètres!$C$36,IF(S74<Paramètres!$B$37,Paramètres!$C$37,Paramètres!$C$38))))))))),[3]Données!P606),"")
A75: 1195 | B75: BARAKATE | C75: Oussama | D75: Nador | E75: Maitrise | F75: 40422 | G75: "2PRO03 | H75: 32377 | I75: =H75+(365.25*60) -> 54292 | K75: 1 | M75: =K75*(DATEDIF(H75,TODAY(),"m")/12) -> 37.833333 | N75: Mr | O75: CDI | P75: NADOR | Q75: =IF(K75=1,IF(Paramètres!$E$9,IF(M75<Paramètres!$B$13,Paramètres!$C$13,IF(M75<Paramètres!$B$14,Paramètres!$C$14,IF(M75<Paramètres!$B$15,Paramètres!$C$15,IF(M75<Paramètres!$B$16,Paramètres!$C$16,IF(M75<Paramètres!$B$17,Paramètres!$C$17,IF(M75<Paramètres!$B$18,Paramètres!$C$18,IF(M75<Paramètres!$B$19,Paramètres!$C$19,IF(M75<Paramètres!$B$20,Paramètres!$C$20,IF(M75<Paramètres!$B$21,Paramètres!$C$21,Paramètres!$C$22))))))))),M75),"") -> De 35 à 39 ans | R75: =+IF(N75="Mr",1,2) -> 1 | S75: =K75*(DATEDIF(F75,TODAY(),"m")/12) -> 15.833333 | T75: =IF(K75=1,IF(Paramètres!$E$25,IF(S75<Paramètres!$B$29,Paramètres!$C$29,IF(S75<Paramètres!$B$30,Paramètres!$C$30,IF(S75<Paramètres!$B$31,Paramètres!$C$31,IF(S75<Paramètres!$B$32,Paramètres!$C$32,IF(S75<Paramètres!$B$33,Paramètres!$C$33,IF(S75<Paramètres!$B$34,Paramètres!$C$34,IF(S75<Paramètres!$B$35,Paramètres!$C$35,IF(S75<Paramètres!$B$36,Paramètres!$C$36,IF(S75<Paramètres!$B$37,Paramètres!$C$37,Paramètres!$C$38))))))))),[3]Données!P519),"") -> De 15 à 19 ans
A76: 1198 | B76: OUJAIDAN | C76: Fadila | D76: Nador | E76: Maitrise | F76: 40452 | G76: "2NAD01 | H76: 31999 | I76: =H76+(365.25*60) -> 53914 | K76: 1 | M76: =K76*(DATEDIF(H76,TODAY(),"m")/12) -> 38.833333 | N76: Mme | O76: CDI | P76: NADOR | Q76: =IF(K76=1,IF(Paramètres!$E$9,IF(M76<Paramètres!$B$13,Paramètres!$C$13,IF(M76<Paramètres!$B$14,Paramètres!$C$14,IF(M76<Paramètres!$B$15,Paramètres!$C$15,IF(M76<Paramètres!$B$16,Paramètres!$C$16,IF(M76<Paramètres!$B$17,Paramètres!$C$17,IF(M76<Paramètres!$B$18,Paramètres!$C$18,IF(M76<Paramètres!$B$19,Paramètres!$C$19,IF(M76<Paramètres!$B$20,Paramètres!$C$20,IF(M76<Paramètres!$B$21,Paramètres!$C$21,Paramètres!$C$22))))))))),M76),"") -> De 35 à 39 ans | R76: =+IF(N76="Mr",1,2) -> 2 | S76: =K76*(DATEDIF(F76,TODAY(),"m")/12) -> 15.75 | T76: =IF(K76=1,IF(Paramètres!$E$25,IF(S76<Paramètres!$B$29,Paramètres!$C$29,IF(S76<Paramètres!$B$30,Paramètres!$C$30,IF(S76<Paramètres!$B$31,Paramètres!$C$31,IF(S76<Paramètres!$B$32,Paramètres!$C$32,IF(S76<Paramètres!$B$33,Paramètres!$C$33,IF(S76<Paramètres!$B$34,Paramètres!$C$34,IF(S76<Paramètres!$B$35,Paramètres!$C$35,IF(S76<Paramètres!$B$36,Paramètres!$C$36,IF(S76<Paramètres!$B$37,Paramètres!$C$37,Paramètres!$C$38))))))))),[3]Données!P520),"") -> De 15 à 19 ans
A77: 1204 | B77: ENNCEIRI | C77: HOUSNI | D77: Nador | E77: Employé | F77: 40513 | G77: "2PRO02 | H77: 31666 | I77: =H77+(365.25*60) -> 53581 | K77: 1 | M77: =K77*(DATEDIF(H77,TODAY(),"m")/12) -> 39.75 | N77: Mr | O77: CDI | P77: NADOR | Q77: =IF(K77=1,IF(Paramètres!$E$9,IF(M77<Paramètres!$B$13,Paramètres!$C$13,IF(M77<Paramètres!$B$14,Paramètres!$C$14,IF(M77<Paramètres!$B$15,Paramètres!$C$15,IF(M77<Paramètres!$B$16,Paramètres!$C$16,IF(M77<Paramètres!$B$17,Paramètres!$C$17,IF(M77<Paramètres!$B$18,Paramètres!$C$18,IF(M77<Paramètres!$B$19,Paramètres!$C$19,IF(M77<Paramètres!$B$20,Paramètres!$C$20,IF(M77<Paramètres!$B$21,Paramètres!$C$21,Paramètres!$C$22))))))))),M77),"") -> De 35 à 39 ans | R77: =+IF(N77="Mr",1,2) -> 1 | S77: =K77*(DATEDIF(F77,TODAY(),"m")/12) -> 15.583333 | T77: =IF(K77=1,IF(Paramètres!$E$25,IF(S77<Paramètres!$B$29,Paramètres!$C$29,IF(S77<Paramètres!$B$30,Paramètres!$C$30,IF(S77<Paramètres!$B$31,Paramètres!$C$31,IF(S77<Paramètres!$B$32,Paramètres!$C$32,IF(S77<Paramètres!$B$33,Paramètres!$C$33,IF(S77<Paramètres!$B$34,Paramètres!$C$34,IF(S77<Paramètres!$B$35,Paramètres!$C$35,IF(S77<Paramètres!$B$36,Paramètres!$C$36,IF(S77<Paramètres!$B$37,Paramètres!$C$37,Paramètres!$C$38))))))))),[3]Données!P521),"") -> De 15 à 19 ans
A78: 1205 | B78: EL MANSORI | C78: BADR | D78: Nador | E78: Cadre | F78: 40513 | G78: "2DRH09 | H78: 30318 | I78: =H78+(365.25*60) -> 52233 | K78: 1 | M78: =K78*(DATEDIF(H78,TODAY(),"m")/12) -> 43.5 | N78: Mr | O78: CDI | P78: NADOR | Q78: =IF(K78=1,IF(Paramètres!$E$9,IF(M78<Paramètres!$B$13,Paramètres!$C$13,IF(M78<Paramètres!$B$14,Paramètres!$C$14,IF(M78<Paramètres!$B$15,Paramètres!$C$15,IF(M78<Paramètres!$B$16,Paramètres!$C$16,IF(M78<Paramètres!$B$17,Paramètres!$C$17,IF(M78<Paramètres!$B$18,Paramètres!$C$18,IF(M78<Paramètres!$B$19,Paramètres!$C$19,IF(M78<Paramètres!$B$20,Paramètres!$C$20,IF(M78<Paramètres!$B$21,Paramètres!$C$21,Paramètres!$C$22))))))))),M78),"") -> De 40 à 44 ans | R78: =+IF(N78="Mr",1,2) -> 1 | S78: =K78*(DATEDIF(F78,TODAY(),"m")/12) -> 15.583333 | T78: =IF(K78=1,IF(Paramètres!$E$25,IF(S78<Paramètres!$B$29,Paramètres!$C$29,IF(S78<Paramètres!$B$30,Paramètres!$C$30,IF(S78<Paramètres!$B$31,Paramètres!$C$31,IF(S78<Paramètres!$B$32,Paramètres!$C$32,IF(S78<Paramètres!$B$33,Paramètres!$C$33,IF(S78<Paramètres!$B$34,Paramètres!$C$34,IF(S78<Paramètres!$B$35,Paramètres!$C$35,IF(S78<Paramètres!$B$36,Paramètres!$C$36,IF(S78<Paramètres!$B$37,Paramètres!$C$37,Paramètres!$C$38))))))))),[3]Données!P522),"") -> De 15 à 19 ans
A79: 1208 | B79: MOUADDINE | C79: MOHAMED | D79: Nador | E79: Maitrise | F79: 40546 | G79: "2PRO01 | H79: 30497 | I79: =H79+(365.25*60) -> 52412 | K79: 1 | M79: =K79*(DATEDIF(H79,TODAY(),"m")/12) -> 43 | N79: Mr | O79: CDI | P79: NADOR | Q79: =IF(K79=1,IF(Paramètres!$E$9,IF(M79<Paramètres!$B$13,Paramètres!$C$13,IF(M79<Paramètres!$B$14,Paramètres!$C$14,IF(M79<Paramètres!$B$15,Paramètres!$C$15,IF(M79<Paramètres!$B$16,Paramètres!$C$16,IF(M79<Paramètres!$B$17,Paramètres!$C$17,IF(M79<Paramètres!$B$18,Paramètres!$C$18,IF(M79<Paramètres!$B$19,Paramètres!$C$19,IF(M79<Paramètres!$B$20,Paramètres!$C$20,IF(M79<Paramètres!$B$21,Paramètres!$C$21,Paramètres!$C$22))))))))),M79),"") -> De 40 à 44 ans | R79: =+IF(N79="Mr",1,2) -> 1 | S79: =K79*(DATEDIF(F79,TODAY(),"m")/12) -> 15.5 | T79: =IF(K79=1,IF(Paramètres!$E$25,IF(S79<Paramètres!$B$29,Paramètres!$C$29,IF(S79<Paramètres!$B$30,Paramètres!$C$30,IF(S79<Paramètres!$B$31,Paramètres!$C$31,IF(S79<Paramètres!$B$32,Paramètres!$C$32,IF(S79<Paramètres!$B$33,Paramètres!$C$33,IF(S79<Paramètres!$B$34,Paramètres!$C$34,IF(S79<Paramètres!$B$35,Paramètres!$C$35,IF(S79<Paramètres!$B$36,Paramètres!$C$36,IF(S79<Paramètres!$B$37,Paramètres!$C$37,Paramètres!$C$38))))))))),[3]Données!P523),"") -> De 15 à 19 ans
A80: 1210 | B80: RAHOUTI | C80: YAHYA | D80: Nador | E80: Maitrise | F80: 40634 | G80: "2MAI02 | H80: 31025 | I80: =H80+(365.25*60) -> 52940 | J80: 45898 | K80: 0 | L80: Démission | M80: =K80*(DATEDIF(H80,TODAY(),"m")/12) -> 0 | N80: Mr | P80: NADOR | Q80: =IF(K80=1,IF(Paramètres!$E$9,IF(M80<Paramètres!$B$13,Paramètres!$C$13,IF(M80<Paramètres!$B$14,Paramètres!$C$14,IF(M80<Paramètres!$B$15,Paramètres!$C$15,IF(M80<Paramètres!$B$16,Paramètres!$C$16,IF(M80<Paramètres!$B$17,Paramètres!$C$17,IF(M80<Paramètres!$B$18,Paramètres!$C$18,IF(M80<Paramètres!$B$19,Paramètres!$C$19,IF(M80<Paramètres!$B$20,Paramètres!$C$20,IF(M80<Paramètres!$B$21,Paramètres!$C$21,Paramètres!$C$22))))))))),M80),"") | R80: =+IF(N80="Mr",1,2) -> 1 | S80: =K80*(DATEDIF(F80,TODAY(),"m")/12) -> 0 | T80: =IF(K80=1,IF(Paramètres!$E$25,IF(S80<Paramètres!$B$29,Paramètres!$C$29,IF(S80<Paramètres!$B$30,Paramètres!$C$30,IF(S80<Paramètres!$B$31,Paramètres!$C$31,IF(S80<Paramètres!$B$32,Paramètres!$C$32,IF(S80<Paramètres!$B$33,Paramètres!$C$33,IF(S80<Paramètres!$B$34,Paramètres!$C$34,IF(S80<Paramètres!$B$35,Paramètres!$C$35,IF(S80<Paramètres!$B$36,Paramètres!$C$36,IF(S80<Paramètres!$B$37,Paramètres!$C$37,Paramètres!$C$38))))))))),[3]Données!P607),"")
A81: 1271 | B81: BEN BOUAZZA | C81: MOHAMED | D81: Nador | E81: Employé | F81: 41353 | G81: "2MAI03 | H81: 32205 | I81: =H81+(365.25*60) -> 54120 | K81: 1 | M81: =K81*(DATEDIF(H81,TODAY(),"m")/12) -> 38.333333 | N81: Mr | O81: CDI | P81: NADOR | Q81: =IF(K81=1,IF(Paramètres!$E$9,IF(M81<Paramètres!$B$13,Paramètres!$C$13,IF(M81<Paramètres!$B$14,Paramètres!$C$14,IF(M81<Paramètres!$B$15,Paramètres!$C$15,IF(M81<Paramètres!$B$16,Paramètres!$C$16,IF(M81<Paramètres!$B$17,Paramètres!$C$17,IF(M81<Paramètres!$B$18,Paramètres!$C$18,IF(M81<Paramètres!$B$19,Paramètres!$C$19,IF(M81<Paramètres!$B$20,Paramètres!$C$20,IF(M81<Paramètres!$B$21,Paramètres!$C$21,Paramètres!$C$22))))))))),M81),"") -> De 35 à 39 ans | R81: =+IF(N81="Mr",1,2) -> 1 | S81: =K81*(DATEDIF(F81,TODAY(),"m")/12) -> 13.25 | T81: =IF(K81=1,IF(Paramètres!$E$25,IF(S81<Paramètres!$B$29,Paramètres!$C$29,IF(S81<Paramètres!$B$30,Paramètres!$C$30,IF(S81<Paramètres!$B$31,Paramètres!$C$31,IF(S81<Paramètres!$B$32,Paramètres!$C$32,IF(S81<Paramètres!$B$33,Paramètres!$C$33,IF(S81<Paramètres!$B$34,Paramètres!$C$34,IF(S81<Paramètres!$B$35,Paramètres!$C$35,IF(S81<Paramètres!$B$36,Paramètres!$C$36,IF(S81<Paramètres!$B$37,Paramètres!$C$37,Paramètres!$C$38))))))))),[3]Données!P524),"") -> De 11 à 14 ans
A82: 1272 | B82: EL HADRI | C82: HASSAN | D82: Nador | E82: Maitrise | F82: 41353 | G82: "2MAI03 | H82: 32793 | I82: =H82+(365.25*60) -> 54708 | K82: 1 | M82: =K82*(DATEDIF(H82,TODAY(),"m")/12) -> 36.666667 | N82: Mr | O82: CDI | P82: NADOR | Q82: =IF(K82=1,IF(Paramètres!$E$9,IF(M82<Paramètres!$B$13,Paramètres!$C$13,IF(M82<Paramètres!$B$14,Paramètres!$C$14,IF(M82<Paramètres!$B$15,Paramètres!$C$15,IF(M82<Paramètres!$B$16,Paramètres!$C$16,IF(M82<Paramètres!$B$17,Paramètres!$C$17,IF(M82<Paramètres!$B$18,Paramètres!$C$18,IF(M82<Paramètres!$B$19,Paramètres!$C$19,IF(M82<Paramètres!$B$20,Paramètres!$C$20,IF(M82<Paramètres!$B$21,Paramètres!$C$21,Paramètres!$C$22))))))))),M82),"") -> De 35 à 39 ans | R82: =+IF(N82="Mr",1,2) -> 1 | S82: =K82*(DATEDIF(F82,TODAY(),"m")/12) -> 13.25 | T82: =IF(K82=1,IF(Paramètres!$E$25,IF(S82<Paramètres!$B$29,Paramètres!$C$29,IF(S82<Paramètres!$B$30,Paramètres!$C$30,IF(S82<Paramètres!$B$31,Paramètres!$C$31,IF(S82<Paramètres!$B$32,Paramètres!$C$32,IF(S82<Paramètres!$B$33,Paramètres!$C$33,IF(S82<Paramètres!$B$34,Paramètres!$C$34,IF(S82<Paramètres!$B$35,Paramètres!$C$35,IF(S82<Paramètres!$B$36,Paramètres!$C$36,IF(S82<Paramètres!$B$37,Paramètres!$C$37,Paramètres!$C$38))))))))),[3]Données!P525),"") -> De 11 à 14 ans
A83: 1280 | B83: HACHMI | C83: MUSTAPHA | D83: Nador | E83: Maitrise | F83: 41981 | G83: "2TVN01 | H83: 26299 | I83: =H83+(365.25*60) -> 48214 | K83: 1 | M83: =K83*(DATEDIF(H83,TODAY(),"m")/12) -> 54.5 | N83: Mr | O83: CDI | P83: NADOR | Q83: =IF(K83=1,IF(Paramètres!$E$9,IF(M83<Paramètres!$B$13,Paramètres!$C$13,IF(M83<Paramètres!$B$14,Paramètres!$C$14,IF(M83<Paramètres!$B$15,Paramètres!$C$15,IF(M83<Paramètres!$B$16,Paramètres!$C$16,IF(M83<Paramètres!$B$17,Paramètres!$C$17,IF(M83<Paramètres!$B$18,Paramètres!$C$18,IF(M83<Paramètres!$B$19,Paramètres!$C$19,IF(M83<Paramètres!$B$20,Paramètres!$C$20,IF(M83<Paramètres!$B$21,Paramètres!$C$21,Paramètres!$C$22))))))))),M83),"") -> De 50 à 54 ans | R83: =+IF(N83="Mr",1,2) -> 1 | S83: =K83*(DATEDIF(F83,TODAY(),"m")/12) -> 11.5 | T83: =IF(K83=1,IF(Paramètres!$E$25,IF(S83<Paramètres!$B$29,Paramètres!$C$29,IF(S83<Paramètres!$B$30,Paramètres!$C$30,IF(S83<Paramètres!$B$31,Paramètres!$C$31,IF(S83<Paramètres!$B$32,Paramètres!$C$32,IF(S83<Paramètres!$B$33,Paramètres!$C$33,IF(S83<Paramètres!$B$34,Paramètres!$C$34,IF(S83<Paramètres!$B$35,Paramètres!$C$35,IF(S83<Paramètres!$B$36,Paramètres!$C$36,IF(S83<Paramètres!$B$37,Paramètres!$C$37,Paramètres!$C$38))))))))),[3]Données!P526),"") -> De 11 à 14 ans
A84: 1299 | B84: EL AMRANI | C84: MOHAMMED | D84: Nador | E84: Maitrise | F84: 42310 | G84: "2MAI01 | H84: 31065 | I84: =H84+(365.25*60) -> 52980 | J84: 45838 | K84: 0 | L84: Démission | M84: =K84*(DATEDIF(H84,TODAY(),"m")/12) -> 0 | N84: Mr | P84: NADOR | Q84: =IF(K84=1,IF(Paramètres!$E$9,IF(M84<Paramètres!$B$13,Paramètres!$C$13,IF(M84<Paramètres!$B$14,Paramètres!$C$14,IF(M84<Paramètres!$B$15,Paramètres!$C$15,IF(M84<Paramètres!$B$16,Paramètres!$C$16,IF(M84<Paramètres!$B$17,Paramètres!$C$17,IF(M84<Paramètres!$B$18,Paramètres!$C$18,IF(M84<Paramètres!$B$19,Paramètres!$C$19,IF(M84<Paramètres!$B$20,Paramètres!$C$20,IF(M84<Paramètres!$B$21,Paramètres!$C$21,Paramètres!$C$22))))))))),M84),"") | R84: =+IF(N84="Mr",1,2) -> 1 | S84: =K84*(DATEDIF(F84,TODAY(),"m")/12) -> 0 | T84: =IF(K84=1,IF(Paramètres!$E$25,IF(S84<Paramètres!$B$29,Paramètres!$C$29,IF(S84<Paramètres!$B$30,Paramètres!$C$30,IF(S84<Paramètres!$B$31,Paramètres!$C$31,IF(S84<Paramètres!$B$32,Paramètres!$C$32,IF(S84<Paramètres!$B$33,Paramètres!$C$33,IF(S84<Paramètres!$B$34,Paramètres!$C$34,IF(S84<Paramètres!$B$35,Paramètres!$C$35,IF(S84<Paramètres!$B$36,Paramètres!$C$36,IF(S84<Paramètres!$B$37,Paramètres!$C$37,Paramètres!$C$38))))))))),[3]Données!P608),"")
A85: 1358 | B85: KANDIL | C85: HICHAM | D85: Nador | E85: Cadre | F85: 43346 | G85: "2PRO03 | H85: 34216 | I85: =H85+(365.25*60) -> 56131 | K85: 1 | M85: =K85*(DATEDIF(H85,TODAY(),"m")/12) -> 32.833333 | N85: Mr | O85: CDI | P85: NADOR | Q85: =IF(K85=1,IF(Paramètres!$E$9,IF(M85<Paramètres!$B$13,Paramètres!$C$13,IF(M85<Paramètres!$B$14,Paramètres!$C$14,IF(M85<Paramètres!$B$15,Paramètres!$C$15,IF(M85<Paramètres!$B$16,Paramètres!$C$16,IF(M85<Paramètres!$B$17,Paramètres!$C$17,IF(M85<Paramètres!$B$18,Paramètres!$C$18,IF(M85<Paramètres!$B$19,Paramètres!$C$19,IF(M85<Paramètres!$B$20,Paramètres!$C$20,IF(M85<Paramètres!$B$21,Paramètres!$C$21,Paramètres!$C$22))))))))),M85),"") -> De 30 à 34 ans | R85: =+IF(N85="Mr",1,2) -> 1 | S85: =K85*(DATEDIF(F85,TODAY(),"m")/12) -> 7.8333333 | T85: =IF(K85=1,IF(Paramètres!$E$25,IF(S85<Paramètres!$B$29,Paramètres!$C$29,IF(S85<Paramètres!$B$30,Paramètres!$C$30,IF(S85<Paramètres!$B$31,Paramètres!$C$31,IF(S85<Paramètres!$B$32,Paramètres!$C$32,IF(S85<Paramètres!$B$33,Paramètres!$C$33,IF(S85<Paramètres!$B$34,Paramètres!$C$34,IF(S85<Paramètres!$B$35,Paramètres!$C$35,IF(S85<Paramètres!$B$36,Paramètres!$C$36,IF(S85<Paramètres!$B$37,Paramètres!$C$37,Paramètres!$C$38))))))))),[3]Données!P527),"") -> De 7 à 10 ans
A86: 1359 | B86: EL HALFA | C86: AMINE | D86: Nador | E86: Cadre | F86: 43346 | G86: "2MAI01 | H86: 31965 | I86: =H86+(365.25*60) -> 53880 | K86: 1 | M86: =K86*(DATEDIF(H86,TODAY(),"m")/12) -> 39 | N86: Mr | O86: CDI | P86: NADOR | Q86: =IF(K86=1,IF(Paramètres!$E$9,IF(M86<Paramètres!$B$13,Paramètres!$C$13,IF(M86<Paramètres!$B$14,Paramètres!$C$14,IF(M86<Paramètres!$B$15,Paramètres!$C$15,IF(M86<Paramètres!$B$16,Paramètres!$C$16,IF(M86<Paramètres!$B$17,Paramètres!$C$17,IF(M86<Paramètres!$B$18,Paramètres!$C$18,IF(M86<Paramètres!$B$19,Paramètres!$C$19,IF(M86<Paramètres!$B$20,Paramètres!$C$20,IF(M86<Paramètres!$B$21,Paramètres!$C$21,Paramètres!$C$22))))))))),M86),"") -> De 35 à 39 ans | R86: =+IF(N86="Mr",1,2) -> 1 | S86: =K86*(DATEDIF(F86,TODAY(),"m")/12) -> 7.8333333 | T86: =IF(K86=1,IF(Paramètres!$E$25,IF(S86<Paramètres!$B$29,Paramètres!$C$29,IF(S86<Paramètres!$B$30,Paramètres!$C$30,IF(S86<Paramètres!$B$31,Paramètres!$C$31,IF(S86<Paramètres!$B$32,Paramètres!$C$32,IF(S86<Paramètres!$B$33,Paramètres!$C$33,IF(S86<Paramètres!$B$34,Paramètres!$C$34,IF(S86<Paramètres!$B$35,Paramètres!$C$35,IF(S86<Paramètres!$B$36,Paramètres!$C$36,IF(S86<Paramètres!$B$37,Paramètres!$C$37,Paramètres!$C$38))))))))),[3]Données!P528),"") -> De 7 à 10 ans
A87: 1360 | B87: ADDI | C87: MOHAMED | D87: Nador | E87: Employé | F87: 43344 | G87: "2QUA01 | H87: 32388 | I87: =H87+(365.25*60) -> 54303 | K87: 1 | M87: =K87*(DATEDIF(H87,TODAY(),"m")/12) -> 37.833333 | N87: Mr | O87: CDI | P87: NADOR | Q87: =IF(K87=1,IF(Paramètres!$E$9,IF(M87<Paramètres!$B$13,Paramètres!$C$13,IF(M87<Paramètres!$B$14,Paramètres!$C$14,IF(M87<Paramètres!$B$15,Paramètres!$C$15,IF(M87<Paramètres!$B$16,Paramètres!$C$16,IF(M87<Paramètres!$B$17,Paramètres!$C$17,IF(M87<Paramètres!$B$18,Paramètres!$C$18,IF(M87<Paramètres!$B$19,Paramètres!$C$19,IF(M87<Paramètres!$B$20,Paramètres!$C$20,IF(M87<Paramètres!$B$21,Paramètres!$C$21,Paramètres!$C$22))))))))),M87),"") -> De 35 à 39 ans | R87: =+IF(N87="Mr",1,2) -> 1 | S87: =K87*(DATEDIF(F87,TODAY(),"m")/12) -> 7.8333333 | T87: =IF(K87=1,IF(Paramètres!$E$25,IF(S87<Paramètres!$B$29,Paramètres!$C$29,IF(S87<Paramètres!$B$30,Paramètres!$C$30,IF(S87<Paramètres!$B$31,Paramètres!$C$31,IF(S87<Paramètres!$B$32,Paramètres!$C$32,IF(S87<Paramètres!$B$33,Paramètres!$C$33,IF(S87<Paramètres!$B$34,Paramètres!$C$34,IF(S87<Paramètres!$B$35,Paramètres!$C$35,IF(S87<Paramètres!$B$36,Paramètres!$C$36,IF(S87<Paramètres!$B$37,Paramètres!$C$37,Paramètres!$C$38))))))))),[3]Données!P529),"") -> De 7 à 10 ans
A88: 1363 | B88: BENABID | C88: MOHAMED | D88: Nador | E88: Maitrise | F88: 43556 | G88: "2MAI06 | H88: 31024 | I88: =H88+(365.25*60) -> 52939 | K88: 1 | M88: =K88*(DATEDIF(H88,TODAY(),"m")/12) -> 41.5 | N88: Mr | O88: CDI | P88: NADOR | Q88: =IF(K88=1,IF(Paramètres!$E$9,IF(M88<Paramètres!$B$13,Paramètres!$C$13,IF(M88<Paramètres!$B$14,Paramètres!$C$14,IF(M88<Paramètres!$B$15,Paramètres!$C$15,IF(M88<Paramètres!$B$16,Paramètres!$C$16,IF(M88<Paramètres!$B$17,Paramètres!$C$17,IF(M88<Paramètres!$B$18,Paramètres!$C$18,IF(M88<Paramètres!$B$19,Paramètres!$C$19,IF(M88<Paramètres!$B$20,Paramètres!$C$20,IF(M88<Paramètres!$B$21,Paramètres!$C$21,Paramètres!$C$22))))))))),M88),"") -> De 40 à 44 ans | R88: =+IF(N88="Mr",1,2) -> 1 | S88: =K88*(DATEDIF(F88,TODAY(),"m")/12) -> 7.25 | T88: =IF(K88=1,IF(Paramètres!$E$25,IF(S88<Paramètres!$B$29,Paramètres!$C$29,IF(S88<Paramètres!$B$30,Paramètres!$C$30,IF(S88<Paramètres!$B$31,Paramètres!$C$31,IF(S88<Paramètres!$B$32,Paramètres!$C$32,IF(S88<Paramètres!$B$33,Paramètres!$C$33,IF(S88<Paramètres!$B$34,Paramètres!$C$34,IF(S88<Paramètres!$B$35,Paramètres!$C$35,IF(S88<Paramètres!$B$36,Paramètres!$C$36,IF(S88<Paramètres!$B$37,Paramètres!$C$37,Paramètres!$C$38))))))))),[3]Données!P530),"") -> De 7 à 10 ans
A89: 1367 | B89: OUCHEN | C89: HAJAR | D89: Nador | E89: Maitrise | F89: 43617 | G89: "2MQE01 | H89: 33877 | I89: =H89+(365.25*60) -> 55792 | K89: 1 | M89: =K89*(DATEDIF(H89,TODAY(),"m")/12) -> 33.75 | N89: Mme | O89: CDI | P89: NADOR | Q89: =IF(K89=1,IF(Paramètres!$E$9,IF(M89<Paramètres!$B$13,Paramètres!$C$13,IF(M89<Paramètres!$B$14,Paramètres!$C$14,IF(M89<Paramètres!$B$15,Paramètres!$C$15,IF(M89<Paramètres!$B$16,Paramètres!$C$16,IF(M89<Paramètres!$B$17,Paramètres!$C$17,IF(M89<Paramètres!$B$18,Paramètres!$C$18,IF(M89<Paramètres!$B$19,Paramètres!$C$19,IF(M89<Paramètres!$B$20,Paramètres!$C$20,IF(M89<Paramètres!$B$21,Paramètres!$C$21,Paramètres!$C$22))))))))),M89),"") -> De 30 à 34 ans | R89: =+IF(N89="Mr",1,2) -> 2 | S89: =K89*(DATEDIF(F89,TODAY(),"m")/12) -> 7.0833333 | T89: =IF(K89=1,IF(Paramètres!$E$25,IF(S89<Paramètres!$B$29,Paramètres!$C$29,IF(S89<Paramètres!$B$30,Paramètres!$C$30,IF(S89<Paramètres!$B$31,Paramètres!$C$31,IF(S89<Paramètres!$B$32,Paramètres!$C$32,IF(S89<Paramètres!$B$33,Paramètres!$C$33,IF(S89<Paramètres!$B$34,Paramètres!$C$34,IF(S89<Paramètres!$B$35,Paramètres!$C$35,IF(S89<Paramètres!$B$36,Paramètres!$C$36,IF(S89<Paramètres!$B$37,Paramètres!$C$37,Paramètres!$C$38))))))))),[3]Données!P531),"") -> De 7 à 10 ans
A90: 1368 | B90: MARSAK | C90: KANZA | D90: Nador | E90: Maitrise | F90: 43617 | G90: "2NAD01 | H90: 32976 | I90: =H90+(365.25*60) -> 54891 | K90: 1 | M90: =K90*(DATEDIF(H90,TODAY(),"m")/12) -> 36.166667 | N90: Mme | O90: CDI | P90: NADOR | Q90: =IF(K90=1,IF(Paramètres!$E$9,IF(M90<Paramètres!$B$13,Paramètres!$C$13,IF(M90<Paramètres!$B$14,Paramètres!$C$14,IF(M90<Paramètres!$B$15,Paramètres!$C$15,IF(M90<Paramètres!$B$16,Paramètres!$C$16,IF(M90<Paramètres!$B$17,Paramètres!$C$17,IF(M90<Paramètres!$B$18,Paramètres!$C$18,IF(M90<Paramètres!$B$19,Paramètres!$C$19,IF(M90<Paramètres!$B$20,Paramètres!$C$20,IF(M90<Paramètres!$B$21,Paramètres!$C$21,Paramètres!$C$22))))))))),M90),"") -> De 35 à 39 ans | R90: =+IF(N90="Mr",1,2) -> 2 | S90: =K90*(DATEDIF(F90,TODAY(),"m")/12) -> 7.0833333 | T90: =IF(K90=1,IF(Paramètres!$E$25,IF(S90<Paramètres!$B$29,Paramètres!$C$29,IF(S90<Paramètres!$B$30,Paramètres!$C$30,IF(S90<Paramètres!$B$31,Paramètres!$C$31,IF(S90<Paramètres!$B$32,Paramètres!$C$32,IF(S90<Paramètres!$B$33,Paramètres!$C$33,IF(S90<Paramètres!$B$34,Paramètres!$C$34,IF(S90<Paramètres!$B$35,Paramètres!$C$35,IF(S90<Paramètres!$B$36,Paramètres!$C$36,IF(S90<Paramètres!$B$37,Paramètres!$C$37,Paramètres!$C$38))))))))),[3]Données!P532),"") -> De 7 à 10 ans
A91: 1382 | B91: EL YEBADRI | C91: MILOUD | D91: Nador | E91: Maitrise | F91: 43892 | G91: "2MAI02 | H91: 35107 | I91: =H91+(365.25*60) -> 57022 | K91: 1 | M91: =K91*(DATEDIF(H91,TODAY(),"m")/12) -> 30.333333 | N91: Mr | O91: CDI | P91: NADOR | Q91: =IF(K91=1,IF(Paramètres!$E$9,IF(M91<Paramètres!$B$13,Paramètres!$C$13,IF(M91<Paramètres!$B$14,Paramètres!$C$14,IF(M91<Paramètres!$B$15,Paramètres!$C$15,IF(M91<Paramètres!$B$16,Paramètres!$C$16,IF(M91<Paramètres!$B$17,Paramètres!$C$17,IF(M91<Paramètres!$B$18,Paramètres!$C$18,IF(M91<Paramètres!$B$19,Paramètres!$C$19,IF(M91<Paramètres!$B$20,Paramètres!$C$20,IF(M91<Paramètres!$B$21,Paramètres!$C$21,Paramètres!$C$22))))))))),M91),"") -> De 30 à 34 ans | R91: =+IF(N91="Mr",1,2) -> 1 | S91: =K91*(DATEDIF(F91,TODAY(),"m")/12) -> 6.3333333 | T91: =IF(K91=1,IF(Paramètres!$E$25,IF(S91<Paramètres!$B$29,Paramètres!$C$29,IF(S91<Paramètres!$B$30,Paramètres!$C$30,IF(S91<Paramètres!$B$31,Paramètres!$C$31,IF(S91<Paramètres!$B$32,Paramètres!$C$32,IF(S91<Paramètres!$B$33,Paramètres!$C$33,IF(S91<Paramètres!$B$34,Paramètres!$C$34,IF(S91<Paramètres!$B$35,Paramètres!$C$35,IF(S91<Paramètres!$B$36,Paramètres!$C$36,IF(S91<Paramètres!$B$37,Paramètres!$C$37,Paramètres!$C$38))))))))),[3]Données!P533),"") -> De 3 à 6 ans
A92: 1389 | B92: BACHIRI | C92: SAMI | D92: Nador | E92: Employé | F92: 44105 | G92: "2MAI02 | H92: 30638 | I92: =H92+(365.25*60) -> 52553 | K92: 1 | M92: =K92*(DATEDIF(H92,TODAY(),"m")/12) -> 42.583333 | N92: Mr | O92: CDI | P92: NADOR | Q92: =IF(K92=1,IF(Paramètres!$E$9,IF(M92<Paramètres!$B$13,Paramètres!$C$13,IF(M92<Paramètres!$B$14,Paramètres!$C$14,IF(M92<Paramètres!$B$15,Paramètres!$C$15,IF(M92<Paramètres!$B$16,Paramètres!$C$16,IF(M92<Paramètres!$B$17,Paramètres!$C$17,IF(M92<Paramètres!$B$18,Paramètres!$C$18,IF(M92<Paramètres!$B$19,Paramètres!$C$19,IF(M92<Paramètres!$B$20,Paramètres!$C$20,IF(M92<Paramètres!$B$21,Paramètres!$C$21,Paramètres!$C$22))))))))),M92),"") -> De 40 à 44 ans | R92: =+IF(N92="Mr",1,2) -> 1 | S92: =K92*(DATEDIF(F92,TODAY(),"m")/12) -> 5.75 | T92: =IF(K92=1,IF(Paramètres!$E$25,IF(S92<Paramètres!$B$29,Paramètres!$C$29,IF(S92<Paramètres!$B$30,Paramètres!$C$30,IF(S92<Paramètres!$B$31,Paramètres!$C$31,IF(S92<Paramètres!$B$32,Paramètres!$C$32,IF(S92<Paramètres!$B$33,Paramètres!$C$33,IF(S92<Paramètres!$B$34,Paramètres!$C$34,IF(S92<Paramètres!$B$35,Paramètres!$C$35,IF(S92<Paramètres!$B$36,Paramètres!$C$36,IF(S92<Paramètres!$B$37,Paramètres!$C$37,Paramètres!$C$38))))))))),[3]Données!P534),"") -> De 3 à 6 ans
A93: 1390 | B93: AKEBI | C93: ABDELGHANI | D93: Nador | E93: Employé | F93: 44105 | G93: "2MAI07 | H93: 35385 | I93: =H93+(365.25*60) -> 57300 | K93: 1 | M93: =K93*(DATEDIF(H93,TODAY(),"m")/12) -> 29.583333 | N93: Mr | O93: CDI | P93: NADOR | Q93: =IF(K93=1,IF(Paramètres!$E$9,IF(M93<Paramètres!$B$13,Paramètres!$C$13,IF(M93<Paramètres!$B$14,Paramètres!$C$14,IF(M93<Paramètres!$B$15,Paramètres!$C$15,IF(M93<Paramètres!$B$16,Paramètres!$C$16,IF(M93<Paramètres!$B$17,Paramètres!$C$17,IF(M93<Paramètres!$B$18,Paramètres!$C$18,IF(M93<Paramètres!$B$19,Paramètres!$C$19,IF(M93<Paramètres!$B$20,Paramètres!$C$20,IF(M93<Paramètres!$B$21,Paramètres!$C$21,Paramètres!$C$22))))))))),M93),"") -> De 25 à 29 ans | R93: =+IF(N93="Mr",1,2) -> 1 | S93: =K93*(DATEDIF(F93,TODAY(),"m")/12) -> 5.75 | T93: =IF(K93=1,IF(Paramètres!$E$25,IF(S93<Paramètres!$B$29,Paramètres!$C$29,IF(S93<Paramètres!$B$30,Paramètres!$C$30,IF(S93<Paramètres!$B$31,Paramètres!$C$31,IF(S93<Paramètres!$B$32,Paramètres!$C$32,IF(S93<Paramètres!$B$33,Paramètres!$C$33,IF(S93<Paramètres!$B$34,Paramètres!$C$34,IF(S93<Paramètres!$B$35,Paramètres!$C$35,IF(S93<Paramètres!$B$36,Paramètres!$C$36,IF(S93<Paramètres!$B$37,Paramètres!$C$37,Paramètres!$C$38))))))))),[3]Données!P535),"") -> De 3 à 6 ans
A94: 1395 | B94: EL YOUSFI | C94: BILAL | D94: Nador | E94: Cadre | F94: 44179 | G94: "2FIB01 | H94: 35236 | I94: =H94+(365.25*60) -> 57151 | K94: 1 | M94: =K94*(DATEDIF(H94,TODAY(),"m")/12) -> 30 | N94: Mr | O94: CDI | P94: NADOR | Q94: =IF(K94=1,IF(Paramètres!$E$9,IF(M94<Paramètres!$B$13,Paramètres!$C$13,IF(M94<Paramètres!$B$14,Paramètres!$C$14,IF(M94<Paramètres!$B$15,Paramètres!$C$15,IF(M94<Paramètres!$B$16,Paramètres!$C$16,IF(M94<Paramètres!$B$17,Paramètres!$C$17,IF(M94<Paramètres!$B$18,Paramètres!$C$18,IF(M94<Paramètres!$B$19,Paramètres!$C$19,IF(M94<Paramètres!$B$20,Paramètres!$C$20,IF(M94<Paramètres!$B$21,Paramètres!$C$21,Paramètres!$C$22))))))))),M94),"") -> De 30 à 34 ans | R94: =+IF(N94="Mr",1,2) -> 1 | S94: =K94*(DATEDIF(F94,TODAY(),"m")/12) -> 5.5 | T94: =IF(K94=1,IF(Paramètres!$E$25,IF(S94<Paramètres!$B$29,Paramètres!$C$29,IF(S94<Paramètres!$B$30,Paramètres!$C$30,IF(S94<Paramètres!$B$31,Paramètres!$C$31,IF(S94<Paramètres!$B$32,Paramètres!$C$32,IF(S94<Paramètres!$B$33,Paramètres!$C$33,IF(S94<Paramètres!$B$34,Paramètres!$C$34,IF(S94<Paramètres!$B$35,Paramètres!$C$35,IF(S94<Paramètres!$B$36,Paramètres!$C$36,IF(S94<Paramètres!$B$37,Paramètres!$C$37,Paramètres!$C$38))))))))),[3]Données!P536),"") -> De 3 à 6 ans
A95: 1416 | B95: ASBAI | C95: ILYAS | D95: Nador | E95: Employé | F95: 44501 | H95: 34417 | I95: =H95+(365.25*60) -> 56332 | J95: 45880 | K95: 0 | L95: Démission | M95: =K95*(DATEDIF(H95,TODAY(),"m")/12) -> 0 | N95: Mr | P95: NADOR | Q95: =IF(K95=1,IF(Paramètres!$E$9,IF(M95<Paramètres!$B$13,Paramètres!$C$13,IF(M95<Paramètres!$B$14,Paramètres!$C$14,IF(M95<Paramètres!$B$15,Paramètres!$C$15,IF(M95<Paramètres!$B$16,Paramètres!$C$16,IF(M95<Paramètres!$B$17,Paramètres!$C$17,IF(M95<Paramètres!$B$18,Paramètres!$C$18,IF(M95<Paramètres!$B$19,Paramètres!$C$19,IF(M95<Paramètres!$B$20,Paramètres!$C$20,IF(M95<Paramètres!$B$21,Paramètres!$C$21,Paramètres!$C$22))))))))),M95),"") | R95: =+IF(N95="Mr",1,2) -> 1 | S95: =K95*(DATEDIF(F95,TODAY(),"m")/12) -> 0 | T95: =IF(K95=1,IF(Paramètres!$E$25,IF(S95<Paramètres!$B$29,Paramètres!$C$29,IF(S95<Paramètres!$B$30,Paramètres!$C$30,IF(S95<Paramètres!$B$31,Paramètres!$C$31,IF(S95<Paramètres!$B$32,Paramètres!$C$32,IF(S95<Paramètres!$B$33,Paramètres!$C$33,IF(S95<Paramètres!$B$34,Paramètres!$C$34,IF(S95<Paramètres!$B$35,Paramètres!$C$35,IF(S95<Paramètres!$B$36,Paramètres!$C$36,IF(S95<Paramètres!$B$37,Paramètres!$C$37,Paramètres!$C$38))))))))),[3]Données!P609),"")
A96: 1417 | B96: AABKARI | C96: MOUAD | D96: Nador | E96: Maitrise | F96: 44515 | G96: "2QUA01 | H96: 35130 | I96: =H96+(365.25*60) -> 57045 | J96: 45740 | K96: 0 | L96: Démission | M96: =K96*(DATEDIF(H96,TODAY(),"m")/12) -> 0 | N96: Mr | P96: NADOR | Q96: =IF(K96=1,IF(Paramètres!$E$9,IF(M96<Paramètres!$B$13,Paramètres!$C$13,IF(M96<Paramètres!$B$14,Paramètres!$C$14,IF(M96<Paramètres!$B$15,Paramètres!$C$15,IF(M96<Paramètres!$B$16,Paramètres!$C$16,IF(M96<Paramètres!$B$17,Paramètres!$C$17,IF(M96<Paramètres!$B$18,Paramètres!$C$18,IF(M96<Paramètres!$B$19,Paramètres!$C$19,IF(M96<Paramètres!$B$20,Paramètres!$C$20,IF(M96<Paramètres!$B$21,Paramètres!$C$21,Paramètres!$C$22))))))))),M96),"") | R96: =+IF(N96="Mr",1,2) -> 1 | S96: =K96*(DATEDIF(F96,TODAY(),"m")/12) -> 0 | T96: =IF(K96=1,IF(Paramètres!$E$25,IF(S96<Paramètres!$B$29,Paramètres!$C$29,IF(S96<Paramètres!$B$30,Paramètres!$C$30,IF(S96<Paramètres!$B$31,Paramètres!$C$31,IF(S96<Paramètres!$B$32,Paramètres!$C$32,IF(S96<Paramètres!$B$33,Paramètres!$C$33,IF(S96<Paramètres!$B$34,Paramètres!$C$34,IF(S96<Paramètres!$B$35,Paramètres!$C$35,IF(S96<Paramètres!$B$36,Paramètres!$C$36,IF(S96<Paramètres!$B$37,Paramètres!$C$37,Paramètres!$C$38))))))))),[3]Données!P610),"")
A97: 1421 | B97: BOUBAOUCH | C97: AYMAN | D97: Nador | E97: Cadre | F97: 44531 | G97: "2MAG01 | H97: 34433 | I97: =H97+(365.25*60) -> 56348 | K97: 1 | M97: =K97*(DATEDIF(H97,TODAY(),"m")/12) -> 32.166667 | N97: Mr | O97: CDI | P97: NADOR | Q97: =IF(K97=1,IF(Paramètres!$E$9,IF(M97<Paramètres!$B$13,Paramètres!$C$13,IF(M97<Paramètres!$B$14,Paramètres!$C$14,IF(M97<Paramètres!$B$15,Paramètres!$C$15,IF(M97<Paramètres!$B$16,Paramètres!$C$16,IF(M97<Paramètres!$B$17,Paramètres!$C$17,IF(M97<Paramètres!$B$18,Paramètres!$C$18,IF(M97<Paramètres!$B$19,Paramètres!$C$19,IF(M97<Paramètres!$B$20,Paramètres!$C$20,IF(M97<Paramètres!$B$21,Paramètres!$C$21,Paramètres!$C$22))))))))),M97),"") -> De 30 à 34 ans | R97: =+IF(N97="Mr",1,2) -> 1 | S97: =K97*(DATEDIF(F97,TODAY(),"m")/12) -> 4.5833333 | T97: =IF(K97=1,IF(Paramètres!$E$25,IF(S97<Paramètres!$B$29,Paramètres!$C$29,IF(S97<Paramètres!$B$30,Paramètres!$C$30,IF(S97<Paramètres!$B$31,Paramètres!$C$31,IF(S97<Paramètres!$B$32,Paramètres!$C$32,IF(S97<Paramètres!$B$33,Paramètres!$C$33,IF(S97<Paramètres!$B$34,Paramètres!$C$34,IF(S97<Paramètres!$B$35,Paramètres!$C$35,IF(S97<Paramètres!$B$36,Paramètres!$C$36,IF(S97<Paramètres!$B$37,Paramètres!$C$37,Paramètres!$C$38))))))))),[3]Données!P537),"") -> De 3 à 6 ans
A98: 1450 | B98: OUCHEN | C98: SORAYA | D98: Nador | E98: Maitrise | F98: 44634 | G98: "2NAD01 | H98: 35353 | I98: =H98+(365.25*60) -> 57268 | K98: 1 | M98: =K98*(DATEDIF(H98,TODAY(),"m")/12) -> 29.666667 | N98: Melle | O98: CDI | P98: NADOR | Q98: =IF(K98=1,IF(Paramètres!$E$9,IF(M98<Paramètres!$B$13,Paramètres!$C$13,IF(M98<Paramètres!$B$14,Paramètres!$C$14,IF(M98<Paramètres!$B$15,Paramètres!$C$15,IF(M98<Paramètres!$B$16,Paramètres!$C$16,IF(M98<Paramètres!$B$17,Paramètres!$C$17,IF(M98<Paramètres!$B$18,Paramètres!$C$18,IF(M98<Paramètres!$B$19,Paramètres!$C$19,IF(M98<Paramètres!$B$20,Paramètres!$C$20,IF(M98<Paramètres!$B$21,Paramètres!$C$21,Paramètres!$C$22))))))))),M98),"") -> De 25 à 29 ans | R98: =+IF(N98="Mr",1,2) -> 2 | S98: =K98*(DATEDIF(F98,TODAY(),"m")/12) -> 4.25 | T98: =IF(K98=1,IF(Paramètres!$E$25,IF(S98<Paramètres!$B$29,Paramètres!$C$29,IF(S98<Paramètres!$B$30,Paramètres!$C$30,IF(S98<Paramètres!$B$31,Paramètres!$C$31,IF(S98<Paramètres!$B$32,Paramètres!$C$32,IF(S98<Paramètres!$B$33,Paramètres!$C$33,IF(S98<Paramètres!$B$34,Paramètres!$C$34,IF(S98<Paramètres!$B$35,Paramètres!$C$35,IF(S98<Paramètres!$B$36,Paramètres!$C$36,IF(S98<Paramètres!$B$37,Paramètres!$C$37,Paramètres!$C$38))))))))),[3]Données!P538),"") -> De 3 à 6 ans
A99: 1451 | B99: FEDDAHI | C99: ABDESSAMAD | D99: Nador | E99: Employé | F99: 44621 | G99: "2MAG01 | H99: 31884 | I99: =H99+(365.25*60) -> 53799 | K99: 1 | M99: =K99*(DATEDIF(H99,TODAY(),"m")/12) -> 39.166667 | N99: Mr | O99: CDI | P99: NADOR | Q99: =IF(K99=1,IF(Paramètres!$E$9,IF(M99<Paramètres!$B$13,Paramètres!$C$13,IF(M99<Paramètres!$B$14,Paramètres!$C$14,IF(M99<Paramètres!$B$15,Paramètres!$C$15,IF(M99<Paramètres!$B$16,Paramètres!$C$16,IF(M99<Paramètres!$B$17,Paramètres!$C$17,IF(M99<Paramètres!$B$18,Paramètres!$C$18,IF(M99<Paramètres!$B$19,Paramètres!$C$19,IF(M99<Paramètres!$B$20,Paramètres!$C$20,IF(M99<Paramètres!$B$21,Paramètres!$C$21,Paramètres!$C$22))))))))),M99),"") -> De 35 à 39 ans | R99: =+IF(N99="Mr",1,2) -> 1 | S99: =K99*(DATEDIF(F99,TODAY(),"m")/12) -> 4.3333333 | T99: =IF(K99=1,IF(Paramètres!$E$25,IF(S99<Paramètres!$B$29,Paramètres!$C$29,IF(S99<Paramètres!$B$30,Paramètres!$C$30,IF(S99<Paramètres!$B$31,Paramètres!$C$31,IF(S99<Paramètres!$B$32,Paramètres!$C$32,IF(S99<Paramètres!$B$33,Paramètres!$C$33,IF(S99<Paramètres!$B$34,Paramètres!$C$34,IF(S99<Paramètres!$B$35,Paramètres!$C$35,IF(S99<Paramètres!$B$36,Paramètres!$C$36,IF(S99<Paramètres!$B$37,Paramètres!$C$37,Paramètres!$C$38))))))))),[3]Données!P539),"") -> De 3 à 6 ans
A100: 1457 | B100: IRABNE | C100: YASSINE | D100: Nador | E100: Maitrise | F100: 44652 | G100: "2MAI03 | H100: 36056 | I100: =H100+(365.25*60) -> 57971 | K100: 1 | M100: =K100*(DATEDIF(H100,TODAY(),"m")/12) -> 27.75 | N100: Mr | O100: CDI | P100: NADOR | Q100: =IF(K100=1,IF(Paramètres!$E$9,IF(M100<Paramètres!$B$13,Paramètres!$C$13,IF(M100<Paramètres!$B$14,Paramètres!$C$14,IF(M100<Paramètres!$B$15,Paramètres!$C$15,IF(M100<Paramètres!$B$16,Paramètres!$C$16,IF(M100<Paramètres!$B$17,Paramètres!$C$17,IF(M100<Paramètres!$B$18,Paramètres!$C$18,IF(M100<Paramètres!$B$19,Paramètres!$C$19,IF(M100<Paramètres!$B$20,Paramètres!$C$20,IF(M100<Paramètres!$B$21,Paramètres!$C$21,Paramètres!$C$22))))))))),M100),"") -> De 25 à 29 ans | R100: =+IF(N100="Mr",1,2) -> 1 | S100: =K100*(DATEDIF(F100,TODAY(),"m")/12) -> 4.25 | T100: =IF(K100=1,IF(Paramètres!$E$25,IF(S100<Paramètres!$B$29,Paramètres!$C$29,IF(S100<Paramètres!$B$30,Paramètres!$C$30,IF(S100<Paramètres!$B$31,Paramètres!$C$31,IF(S100<Paramètres!$B$32,Paramètres!$C$32,IF(S100<Paramètres!$B$33,Paramètres!$C$33,IF(S100<Paramètres!$B$34,Paramètres!$C$34,IF(S100<Paramètres!$B$35,Paramètres!$C$35,IF(S100<Paramètres!$B$36,Paramètres!$C$36,IF(S100<Paramètres!$B$37,Paramètres!$C$37,Paramètres!$C$38))))))))),[3]Données!P540),"") -> De 3 à 6 ans
A101: 1482 | B101: KHANOUCHI | C101: ABDELILAH | D101: Nador | E101: Maitrise | F101: 44835 | G101: "2MAI02 | H101: 35762 | I101: =H101+(365.25*60) -> 57677 | K101: 1 | M101: =K101*(DATEDIF(H101,TODAY(),"m")/12) -> 28.583333 | N101: Mr | O101: CDI | P101: NADOR | Q101: =IF(K101=1,IF(Paramètres!$E$9,IF(M101<Paramètres!$B$13,Paramètres!$C$13,IF(M101<Paramètres!$B$14,Paramètres!$C$14,IF(M101<Paramètres!$B$15,Paramètres!$C$15,IF(M101<Paramètres!$B$16,Paramètres!$C$16,IF(M101<Paramètres!$B$17,Paramètres!$C$17,IF(M101<Paramètres!$B$18,Paramètres!$C$18,IF(M101<Paramètres!$B$19,Paramètres!$C$19,IF(M101<Paramètres!$B$20,Paramètres!$C$20,IF(M101<Paramètres!$B$21,Paramètres!$C$21,Paramètres!$C$22))))))))),M101),"") -> De 25 à 29 ans | R101: =+IF(N101="Mr",1,2) -> 1 | S101: =K101*(DATEDIF(F101,TODAY(),"m")/12) -> 3.75 | T101: =IF(K101=1,IF(Paramètres!$E$25,IF(S101<Paramètres!$B$29,Paramètres!$C$29,IF(S101<Paramètres!$B$30,Paramètres!$C$30,IF(S101<Paramètres!$B$31,Paramètres!$C$31,IF(S101<Paramètres!$B$32,Paramètres!$C$32,IF(S101<Paramètres!$B$33,Paramètres!$C$33,IF(S101<Paramètres!$B$34,Paramètres!$C$34,IF(S101<Paramètres!$B$35,Paramètres!$C$35,IF(S101<Paramètres!$B$36,Paramètres!$C$36,IF(S101<Paramètres!$B$37,Paramètres!$C$37,Paramètres!$C$38))))))))),[3]Données!P541),"") -> De 3 à 6 ans
A102: 1507 | B102: AZAMMOR | C102: YOUNES | D102: Nador | E102: Employé | F102: 44896 | G102: "2MAI07 | H102: 36345 | I102: =H102+(365.25*60) -> 58260 | K102: 1 | M102: =K102*(DATEDIF(H102,TODAY(),"m")/12) -> 27 | N102: Mr | O102: CDI | P102: NADOR | Q102: =IF(K102=1,IF(Paramètres!$E$9,IF(M102<Paramètres!$B$13,Paramètres!$C$13,IF(M102<Paramètres!$B$14,Paramètres!$C$14,IF(M102<Paramètres!$B$15,Paramètres!$C$15,IF(M102<Paramètres!$B$16,Paramètres!$C$16,IF(M102<Paramètres!$B$17,Paramètres!$C$17,IF(M102<Paramètres!$B$18,Paramètres!$C$18,IF(M102<Paramètres!$B$19,Paramètres!$C$19,IF(M102<Paramètres!$B$20,Paramètres!$C$20,IF(M102<Paramètres!$B$21,Paramètres!$C$21,Paramètres!$C$22))))))))),M102),"") -> De 25 à 29 ans | R102: =+IF(N102="Mr",1,2) -> 1 | S102: =K102*(DATEDIF(F102,TODAY(),"m")/12) -> 3.5833333 | T102: =IF(K102=1,IF(Paramètres!$E$25,IF(S102<Paramètres!$B$29,Paramètres!$C$29,IF(S102<Paramètres!$B$30,Paramètres!$C$30,IF(S102<Paramètres!$B$31,Paramètres!$C$31,IF(S102<Paramètres!$B$32,Paramètres!$C$32,IF(S102<Paramètres!$B$33,Paramètres!$C$33,IF(S102<Paramètres!$B$34,Paramètres!$C$34,IF(S102<Paramètres!$B$35,Paramètres!$C$35,IF(S102<Paramètres!$B$36,Paramètres!$C$36,IF(S102<Paramètres!$B$37,Paramètres!$C$37,Paramètres!$C$38))))))))),[3]Données!P542),"") -> De 3 à 6 ans
A103: 1508 | B103: EL BADMOUSSI | C103: ABDELILAH | D103: Nador | E103: Employé | F103: 44896 | G103: "2MAI03 | H103: 32579 | I103: =H103+(365.25*60) -> 54494 | K103: 1 | M103: =K103*(DATEDIF(H103,TODAY(),"m")/12) -> 37.25 | N103: Mr | O103: CDI | P103: NADOR | Q103: =IF(K103=1,IF(Paramètres!$E$9,IF(M103<Paramètres!$B$13,Paramètres!$C$13,IF(M103<Paramètres!$B$14,Paramètres!$C$14,IF(M103<Paramètres!$B$15,Paramètres!$C$15,IF(M103<Paramètres!$B$16,Paramètres!$C$16,IF(M103<Paramètres!$B$17,Paramètres!$C$17,IF(M103<Paramètres!$B$18,Paramètres!$C$18,IF(M103<Paramètres!$B$19,Paramètres!$C$19,IF(M103<Paramètres!$B$20,Paramètres!$C$20,IF(M103<Paramètres!$B$21,Paramètres!$C$21,Paramètres!$C$22))))))))),M103),"") -> De 35 à 39 ans | R103: =+IF(N103="Mr",1,2) -> 1 | S103: =K103*(DATEDIF(F103,TODAY(),"m")/12) -> 3.5833333 | T103: =IF(K103=1,IF(Paramètres!$E$25,IF(S103<Paramètres!$B$29,Paramètres!$C$29,IF(S103<Paramètres!$B$30,Paramètres!$C$30,IF(S103<Paramètres!$B$31,Paramètres!$C$31,IF(S103<Paramètres!$B$32,Paramètres!$C$32,IF(S103<Paramètres!$B$33,Paramètres!$C$33,IF(S103<Paramètres!$B$34,Paramètres!$C$34,IF(S103<Paramètres!$B$35,Paramètres!$C$35,IF(S103<Paramètres!$B$36,Paramètres!$C$36,IF(S103<Paramètres!$B$37,Paramètres!$C$37,Paramètres!$C$38))))))))),[3]Données!P543),"") -> De 3 à 6 ans
A104: 1513 | B104: BOULMANE | C104: YOUSSEF | D104: Nador | E104: Employé | F104: 44928 | G104: "2FIB01 | H104: 37098 | I104: =H104+(365.25*60) -> 59013 | K104: 1 | M104: =K104*(DATEDIF(H104,TODAY(),"m")/12) -> 24.916667 | N104: Mr | O104: CDI | P104: NADOR | Q104: =IF(K104=1,IF(Paramètres!$E$9,IF(M104<Paramètres!$B$13,Paramètres!$C$13,IF(M104<Paramètres!$B$14,Paramètres!$C$14,IF(M104<Paramètres!$B$15,Paramètres!$C$15,IF(M104<Paramètres!$B$16,Paramètres!$C$16,IF(M104<Paramètres!$B$17,Paramètres!$C$17,IF(M104<Paramètres!$B$18,Paramètres!$C$18,IF(M104<Paramètres!$B$19,Paramètres!$C$19,IF(M104<Paramètres!$B$20,Paramètres!$C$20,IF(M104<Paramètres!$B$21,Paramètres!$C$21,Paramètres!$C$22))))))))),M104),"") -> De 18 à 24 ans | R104: =+IF(N104="Mr",1,2) -> 1 | S104: =K104*(DATEDIF(F104,TODAY(),"m")/12) -> 3.5 | T104: =IF(K104=1,IF(Paramètres!$E$25,IF(S104<Paramètres!$B$29,Paramètres!$C$29,IF(S104<Paramètres!$B$30,Paramètres!$C$30,IF(S104<Paramètres!$B$31,Paramètres!$C$31,IF(S104<Paramètres!$B$32,Paramètres!$C$32,IF(S104<Paramètres!$B$33,Paramètres!$C$33,IF(S104<Paramètres!$B$34,Paramètres!$C$34,IF(S104<Paramètres!$B$35,Paramètres!$C$35,IF(S104<Paramètres!$B$36,Paramètres!$C$36,IF(S104<Paramètres!$B$37,Paramètres!$C$37,Paramètres!$C$38))))))))),[3]Données!P544),"") -> De 3 à 6 ans
A105: 1514 | B105: EL-MORSLI | C105: MOHAMED | D105: Nador | E105: Employé | F105: 44914 | G105: "2MAI03 | H105: 35412 | I105: =H105+(365.25*60) -> 57327 | K105: 1 | M105: =K105*(DATEDIF(H105,TODAY(),"m")/12) -> 29.5 | N105: Mr | O105: CDI | P105: NADOR | Q105: =IF(K105=1,IF(Paramètres!$E$9,IF(M105<Paramètres!$B$13,Paramètres!$C$13,IF(M105<Paramètres!$B$14,Paramètres!$C$14,IF(M105<Paramètres!$B$15,Paramètres!$C$15,IF(M105<Paramètres!$B$16,Paramètres!$C$16,IF(M105<Paramètres!$B$17,Paramètres!$C$17,IF(M105<Paramètres!$B$18,Paramètres!$C$18,IF(M105<Paramètres!$B$19,Paramètres!$C$19,IF(M105<Paramètres!$B$20,Paramètres!$C$20,IF(M105<Paramètres!$B$21,Paramètres!$C$21,Paramètres!$C$22))))))))),M105),"") -> De 25 à 29 ans | R105: =+IF(N105="Mr",1,2) -> 1 | S105: =K105*(DATEDIF(F105,TODAY(),"m")/12) -> 3.5 | T105: =IF(K105=1,IF(Paramètres!$E$25,IF(S105<Paramètres!$B$29,Paramètres!$C$29,IF(S105<Paramètres!$B$30,Paramètres!$C$30,IF(S105<Paramètres!$B$31,Paramètres!$C$31,IF(S105<Paramètres!$B$32,Paramètres!$C$32,IF(S105<Paramètres!$B$33,Paramètres!$C$33,IF(S105<Paramètres!$B$34,Paramètres!$C$34,IF(S105<Paramètres!$B$35,Paramètres!$C$35,IF(S105<Paramètres!$B$36,Paramètres!$C$36,IF(S105<Paramètres!$B$37,Paramètres!$C$37,Paramètres!$C$38))))))))),[3]Données!P545),"") -> De 3 à 6 ans
A106: 1515 | B106: AMJOUD | C106: ABDELLAH | D106: Nador | E106: Employé | F106: 44928 | G106: "2MAI02 | H106: 33505 | I106: =H106+(365.25*60) -> 55420 | K106: 1 | M106: =K106*(DATEDIF(H106,TODAY(),"m")/12) -> 34.75 | N106: Mr | O106: CDI | P106: NADOR | Q106: =IF(K106=1,IF(Paramètres!$E$9,IF(M106<Paramètres!$B$13,Paramètres!$C$13,IF(M106<Paramètres!$B$14,Paramètres!$C$14,IF(M106<Paramètres!$B$15,Paramètres!$C$15,IF(M106<Paramètres!$B$16,Paramètres!$C$16,IF(M106<Paramètres!$B$17,Paramètres!$C$17,IF(M106<Paramètres!$B$18,Paramètres!$C$18,IF(M106<Paramètres!$B$19,Paramètres!$C$19,IF(M106<Paramètres!$B$20,Paramètres!$C$20,IF(M106<Paramètres!$B$21,Paramètres!$C$21,Paramètres!$C$22))))))))),M106),"") -> De 30 à 34 ans | R106: =+IF(N106="Mr",1,2) -> 1 | S106: =K106*(DATEDIF(F106,TODAY(),"m")/12) -> 3.5 | T106: =IF(K106=1,IF(Paramètres!$E$25,IF(S106<Paramètres!$B$29,Paramètres!$C$29,IF(S106<Paramètres!$B$30,Paramètres!$C$30,IF(S106<Paramètres!$B$31,Paramètres!$C$31,IF(S106<Paramètres!$B$32,Paramètres!$C$32,IF(S106<Paramètres!$B$33,Paramètres!$C$33,IF(S106<Paramètres!$B$34,Paramètres!$C$34,IF(S106<Paramètres!$B$35,Paramètres!$C$35,IF(S106<Paramètres!$B$36,Paramètres!$C$36,IF(S106<Paramètres!$B$37,Paramètres!$C$37,Paramètres!$C$38))))))))),[3]Données!P546),"") -> De 3 à 6 ans
A107: 1516 | B107: BOUHASSOUN | C107: MOURAD | D107: Nador | E107: Employé | F107: 44928 | G107: "2FIB01 | H107: 32738 | I107: =H107+(365.25*60) -> 54653 | K107: 1 | M107: =K107*(DATEDIF(H107,TODAY(),"m")/12) -> 36.833333 | N107: Mr | O107: CDI | P107: NADOR | Q107: =IF(K107=1,IF(Paramètres!$E$9,IF(M107<Paramètres!$B$13,Paramètres!$C$13,IF(M107<Paramètres!$B$14,Paramètres!$C$14,IF(M107<Paramètres!$B$15,Paramètres!$C$15,IF(M107<Paramètres!$B$16,Paramètres!$C$16,IF(M107<Paramètres!$B$17,Paramètres!$C$17,IF(M107<Paramètres!$B$18,Paramètres!$C$18,IF(M107<Paramètres!$B$19,Paramètres!$C$19,IF(M107<Paramètres!$B$20,Paramètres!$C$20,IF(M107<Paramètres!$B$21,Paramètres!$C$21,Paramètres!$C$22))))))))),M107),"") -> De 35 à 39 ans | R107: =+IF(N107="Mr",1,2) -> 1 | S107: =K107*(DATEDIF(F107,TODAY(),"m")/12) -> 3.5 | T107: =IF(K107=1,IF(Paramètres!$E$25,IF(S107<Paramètres!$B$29,Paramètres!$C$29,IF(S107<Paramètres!$B$30,Paramètres!$C$30,IF(S107<Paramètres!$B$31,Paramètres!$C$31,IF(S107<Paramètres!$B$32,Paramètres!$C$32,IF(S107<Paramètres!$B$33,Paramètres!$C$33,IF(S107<Paramètres!$B$34,Paramètres!$C$34,IF(S107<Paramètres!$B$35,Paramètres!$C$35,IF(S107<Paramètres!$B$36,Paramètres!$C$36,IF(S107<Paramètres!$B$37,Paramètres!$C$37,Paramètres!$C$38))))))))),[3]Données!P547),"") -> De 3 à 6 ans
A108: 1525 | B108: KHLAIF | C108: ABDERRAHMANE | D108: Nador | E108: Employé | F108: 44972 | G108: "2FIB01 | H108: 37555 | I108: =H108+(365.25*60) -> 59470 | K108: 1 | M108: =K108*(DATEDIF(H108,TODAY(),"m")/12) -> 23.666667 | N108: Mr | O108: CDI | P108: NADOR | Q108: =IF(K108=1,IF(Paramètres!$E$9,IF(M108<Paramètres!$B$13,Paramètres!$C$13,IF(M108<Paramètres!$B$14,Paramètres!$C$14,IF(M108<Paramètres!$B$15,Paramètres!$C$15,IF(M108<Paramètres!$B$16,Paramètres!$C$16,IF(M108<Paramètres!$B$17,Paramètres!$C$17,IF(M108<Paramètres!$B$18,Paramètres!$C$18,IF(M108<Paramètres!$B$19,Paramètres!$C$19,IF(M108<Paramètres!$B$20,Paramètres!$C$20,IF(M108<Paramètres!$B$21,Paramètres!$C$21,Paramètres!$C$22))))))))),M108),"") -> De 18 à 24 ans | R108: =+IF(N108="Mr",1,2) -> 1 | S108: =K108*(DATEDIF(F108,TODAY(),"m")/12) -> 3.3333333 | T108: =IF(K108=1,IF(Paramètres!$E$25,IF(S108<Paramètres!$B$29,Paramètres!$C$29,IF(S108<Paramètres!$B$30,Paramètres!$C$30,IF(S108<Paramètres!$B$31,Paramètres!$C$31,IF(S108<Paramètres!$B$32,Paramètres!$C$32,IF(S108<Paramètres!$B$33,Paramètres!$C$33,IF(S108<Paramètres!$B$34,Paramètres!$C$34,IF(S108<Paramètres!$B$35,Paramètres!$C$35,IF(S108<Paramètres!$B$36,Paramètres!$C$36,IF(S108<Paramètres!$B$37,Paramètres!$C$37,Paramètres!$C$38))))))))),[3]Données!P548),"") -> De 3 à 6 ans
... A113: 1551 | B113: BOUKRAA | C113: ABDERRAHMAN | D113: Nador | E113: Cadre | F113: 45048 | G113: 2TVN01 | H113: 32370 | I113: =H113+(365.25*60) -> 54285 | K113: 1 | M113: =K113*(DATEDIF(H113,TODAY(),"m")/12) -> 37.833333 | N113: Mr | O113: CDI | P113: NADOR | Q113: =IF(K113=1,IF(Paramètres!$E$9,IF(M113<Paramètres!$B$13,Paramètres!$C$13,IF(M113<Paramètres!$B$14,Paramètres!$C$14,IF(M113<Paramètres!$B$15,Paramètres!$C$15,IF(M113<Paramètres!$B$16,Paramètres!$C$16,IF(M113<Paramètres!$B$17,Paramètres!$C$17,IF(M113<Paramètres!$B$18,Paramètres!$C$18,IF(M113<Paramètres!$B$19,Paramètres!$C$19,IF(M113<Paramètres!$B$20,Paramètres!$C$20,IF(M113<Paramètres!$B$21,Paramètres!$C$21,Paramètres!$C$22))))))))),M113),"") -> De 35 à 39 ans | R113: =+IF(N113="Mr",1,2) -> 1 | S113: =K113*(DATEDIF(F113,TODAY(),"m")/12) -> 3.1666667 | T113: =IF(K113=1,IF(Paramètres!$E$25,IF(S113<Paramètres!$B$29,Paramètres!$C$29,IF(S113<Paramètres!$B$30,Paramètres!$C$30,IF(S113<Paramètres!$B$31,Paramètres!$C$31,IF(S113<Paramètres!$B$32,Paramètres!$C$32,IF(S113<Paramètres!$B$33,Paramètres!$C$33,IF(S113<Paramètres!$B$34,Paramètres!$C$34,IF(S113<Paramètres!$B$35,Paramètres!$C$35,IF(S113<Paramètres!$B$36,Paramètres!$C$36,IF(S113<Paramètres!$B$37,Paramètres!$C$37,Paramètres!$C$38))))))))),[3]Données!P553),"") -> De 3 à 6 ans
A114: 1552 | B114: AZDAD | C114: ABDERRAHMAN | D114: Nador | E114: Employé | F114: 45047 | H114: 33786 | I114: =H114+(365.25*60) -> 55701 | K114: 1 | M114: =K114*(DATEDIF(H114,TODAY(),"m")/12) -> 34 | N114: Mr | O114: CDI | P114: NADOR | Q114: =IF(K114=1,IF(Paramètres!$E$9,IF(M114<Paramètres!$B$13,Paramètres!$C$13,IF(M114<Paramètres!$B$14,Paramètres!$C$14,IF(M114<Paramètres!$B$15,Paramètres!$C$15,IF(M114<Paramètres!$B$16,Paramètres!$C$16,IF(M114<Paramètres!$B$17,Paramètres!$C$17,IF(M114<Paramètres!$B$18,Paramètres!$C$18,IF(M114<Paramètres!$B$19,Paramètres!$C$19,IF(M114<Paramètres!$B$20,Paramètres!$C$20,IF(M114<Paramètres!$B$21,Paramètres!$C$21,Paramètres!$C$22))))))))),M114),"") -> De 30 à 34 ans | R114: =+IF(N114="Mr",1,2) -> 1 | S114: =K114*(DATEDIF(F114,TODAY(),"m")/12) -> 3.1666667 | T114: =IF(K114=1,IF(Paramètres!$E$25,IF(S114<Paramètres!$B$29,Paramètres!$C$29,IF(S114<Paramètres!$B$30,Paramètres!$C$30,IF(S114<Paramètres!$B$31,Paramètres!$C$31,IF(S114<Paramètres!$B$32,Paramètres!$C$32,IF(S114<Paramètres!$B$33,Paramètres!$C$33,IF(S114<Paramètres!$B$34,Paramètres!$C$34,IF(S114<Paramètres!$B$35,Paramètres!$C$35,IF(S114<Paramètres!$B$36,Paramètres!$C$36,IF(S114<Paramètres!$B$37,Paramètres!$C$37,Paramètres!$C$38))))))))),[3]Données!P554),"") -> De 3 à 6 ans
A115: 1556 | B115: EL JAOUHARI | C115: YAZID | D115: Nador | E115: Cadre | F115: 45087 | G115: 2NAD01 | H115: 33617 | I115: =H115+(365.25*60) -> 55532 | K115: 1 | M115: =K115*(DATEDIF(H115,TODAY(),"m")/12) -> 34.416667 | N115: Mr | O115: CDI | P115: NADOR | Q115: =IF(K115=1,IF(Paramètres!$E$9,IF(M115<Paramètres!$B$13,Paramètres!$C$13,IF(M115<Paramètres!$B$14,Paramètres!$C$14,IF(M115<Paramètres!$B$15,Paramètres!$C$15,IF(M115<Paramètres!$B$16,Paramètres!$C$16,IF(M115<Paramètres!$B$17,Paramètres!$C$17,IF(M115<Paramètres!$B$18,Paramètres!$C$18,IF(M115<Paramètres!$B$19,Paramètres!$C$19,IF(M115<Paramètres!$B$20,Paramètres!$C$20,IF(M115<Paramètres!$B$21,Paramètres!$C$21,Paramètres!$C$22))))))))),M115),"") -> De 30 à 34 ans | R115: =+IF(N115="Mr",1,2) -> 1 | S115: =K115*(DATEDIF(F115,TODAY(),"m")/12) -> 3 | T115: =IF(K115=1,IF(Paramètres!$E$25,IF(S115<Paramètres!$B$29,Paramètres!$C$29,IF(S115<Paramètres!$B$30,Paramètres!$C$30,IF(S115<Paramètres!$B$31,Paramètres!$C$31,IF(S115<Paramètres!$B$32,Paramètres!$C$32,IF(S115<Paramètres!$B$33,Paramètres!$C$33,IF(S115<Paramètres!$B$34,Paramètres!$C$34,IF(S115<Paramètres!$B$35,Paramètres!$C$35,IF(S115<Paramètres!$B$36,Paramètres!$C$36,IF(S115<Paramètres!$B$37,Paramètres!$C$37,Paramètres!$C$38))))))))),[3]Données!P555),"") -> De 3 à 6 ans
A116: 1559 | B116: BOUHRICHE | C116: Ayoub | D116: Nador | E116: Employé | F116: 45108 | H116: 33792 | I116: =H116+(365.25*60) -> 55707 | K116: 1 | M116: =K116*(DATEDIF(H116,TODAY(),"m")/12) -> 34 | N116: Mr | O116: CDI | P116: NADOR | Q116: =IF(K116=1,IF(Paramètres!$E$9,IF(M116<Paramètres!$B$13,Paramètres!$C$13,IF(M116<Paramètres!$B$14,Paramètres!$C$14,IF(M116<Paramètres!$B$15,Paramètres!$C$15,IF(M116<Paramètres!$B$16,Paramètres!$C$16,IF(M116<Paramètres!$B$17,Paramètres!$C$17,IF(M116<Paramètres!$B$18,Paramètres!$C$18,IF(M116<Paramètres!$B$19,Paramètres!$C$19,IF(M116<Paramètres!$B$20,Paramètres!$C$20,IF(M116<Paramètres!$B$21,Paramètres!$C$21,Paramètres!$C$22))))))))),M116),"") -> De 30 à 34 ans | R116: =+IF(N116="Mr",1,2) -> 1 | S116: =K116*(DATEDIF(F116,TODAY(),"m")/12) -> 3 | T116: =IF(K116=1,IF(Paramètres!$E$25,IF(S116<Paramètres!$B$29,Paramètres!$C$29,IF(S116<Paramètres!$B$30,Paramètres!$C$30,IF(S116<Paramètres!$B$31,Paramètres!$C$31,IF(S116<Paramètres!$B$32,Paramètres!$C$32,IF(S116<Paramètres!$B$33,Paramètres!$C$33,IF(S116<Paramètres!$B$34,Paramètres!$C$34,IF(S116<Paramètres!$B$35,Paramètres!$C$35,IF(S116<Paramètres!$B$36,Paramètres!$C$36,IF(S116<Paramètres!$B$37,Paramètres!$C$37,Paramètres!$C$38))))))))),[3]Données!P556),"") -> De 3 à 6 ans
A117: 1565 | B117: BENALI | C117: WASSIM | D117: Nador | E117: Employé | F117: 45139 | H117: 35249 | I117: =H117+(365.25*60) -> 57164 | K117: 1 | M117: =K117*(DATEDIF(H117,TODAY(),"m")/12) -> 30 | N117: Mr | O117: CDI | P117: NADOR | Q117: =IF(K117=1,IF(Paramètres!$E$9,IF(M117<Paramètres!$B$13,Paramètres!$C$13,IF(M117<Paramètres!$B$14,Paramètres!$C$14,IF(M117<Paramètres!$B$15,Paramètres!$C$15,IF(M117<Paramètres!$B$16,Paramètres!$C$16,IF(M117<Paramètres!$B$17,Paramètres!$C$17,IF(M117<Paramètres!$B$18,Paramètres!$C$18,IF(M117<Paramètres!$B$19,Paramètres!$C$19,IF(M117<Paramètres!$B$20,Paramètres!$C$20,IF(M117<Paramètres!$B$21,Paramètres!$C$21,Paramètres!$C$22))))))))),M117),"") -> De 30 à 34 ans | R117: =+IF(N117="Mr",1,2) -> 1 | S117: =K117*(DATEDIF(F117,TODAY(),"m")/12) -> 2.9166667 | T117: =IF(K117=1,IF(Paramètres!$E$25,IF(S117<Paramètres!$B$29,Paramètres!$C$29,IF(S117<Paramètres!$B$30,Paramètres!$C$30,IF(S117<Paramètres!$B$31,Paramètres!$C$31,IF(S117<Paramètres!$B$32,Paramètres!$C$32,IF(S117<Paramètres!$B$33,Paramètres!$C$33,IF(S117<Paramètres!$B$34,Paramètres!$C$34,IF(S117<Paramètres!$B$35,Paramètres!$C$35,IF(S117<Paramètres!$B$36,Paramètres!$C$36,IF(S117<Paramètres!$B$37,Paramètres!$C$37,Paramètres!$C$38))))))))),[3]Données!P557),"") -> De 0 à 3 ans
A118: 1571 | B118: KANDANI | C118: FOUAD | D118: Nador | E118: Maitrise | F118: 45201 | H118: 32422 | I118: =H118+(365.25*60) -> 54337 | K118: 1 | M118: =K118*(DATEDIF(H118,TODAY(),"m")/12) -> 37.75 | N118: Mr | O118: CDI | P118: NADOR | Q118: =IF(K118=1,IF(Paramètres!$E$9,IF(M118<Paramètres!$B$13,Paramètres!$C$13,IF(M118<Paramètres!$B$14,Paramètres!$C$14,IF(M118<Paramètres!$B$15,Paramètres!$C$15,IF(M118<Paramètres!$B$16,Paramètres!$C$16,IF(M118<Paramètres!$B$17,Paramètres!$C$17,IF(M118<Paramètres!$B$18,Paramètres!$C$18,IF(M118<Paramètres!$B$19,Paramètres!$C$19,IF(M118<Paramètres!$B$20,Paramètres!$C$20,IF(M118<Paramètres!$B$21,Paramètres!$C$21,Paramètres!$C$22))))))))),M118),"") -> De 35 à 39 ans | R118: =+IF(N118="Mr",1,2) -> 1 | S118: =K118*(DATEDIF(F118,TODAY(),"m")/12) -> 2.75 | T118: =IF(K118=1,IF(Paramètres!$E$25,IF(S118<Paramètres!$B$29,Paramètres!$C$29,IF(S118<Paramètres!$B$30,Paramètres!$C$30,IF(S118<Paramètres!$B$31,Paramètres!$C$31,IF(S118<Paramètres!$B$32,Paramètres!$C$32,IF(S118<Paramètres!$B$33,Paramètres!$C$33,IF(S118<Paramètres!$B$34,Paramètres!$C$34,IF(S118<Paramètres!$B$35,Paramètres!$C$35,IF(S118<Paramètres!$B$36,Paramètres!$C$36,IF(S118<Paramètres!$B$37,Paramètres!$C$37,Paramètres!$C$38))))))))),[3]Données!P558),"") -> De 0 à 3 ans
A119: 1578 | B119: BOUTOUATOU | C119: SIMOHAMED | D119: Nador | E119: Employé | F119: 45243 | H119: 34586 | I119: =H119+(365.25*60) -> 56501 | K119: 1 | M119: =K119*(DATEDIF(H119,TODAY(),"m")/12) -> 31.75 | N119: Mr | O119: CDI | P119: NADOR | Q119: =IF(K119=1,IF(Paramètres!$E$9,IF(M119<Paramètres!$B$13,Paramètres!$C$13,IF(M119<Paramètres!$B$14,Paramètres!$C$14,IF(M119<Paramètres!$B$15,Paramètres!$C$15,IF(M119<Paramètres!$B$16,Paramètres!$C$16,IF(M119<Paramètres!$B$17,Paramètres!$C$17,IF(M119<Paramètres!$B$18,Paramètres!$C$18,IF(M119<Paramètres!$B$19,Paramètres!$C$19,IF(M119<Paramètres!$B$20,Paramètres!$C$20,IF(M119<Paramètres!$B$21,Paramètres!$C$21,Paramètres!$C$22))))))))),M119),"") -> De 30 à 34 ans | R119: =+IF(N119="Mr",1,2) -> 1 | S119: =K119*(DATEDIF(F119,TODAY(),"m")/12) -> 2.5833333 | T119: =IF(K119=1,IF(Paramètres!$E$25,IF(S119<Paramètres!$B$29,Paramètres!$C$29,IF(S119<Paramètres!$B$30,Paramètres!$C$30,IF(S119<Paramètres!$B$31,Paramètres!$C$31,IF(S119<Paramètres!$B$32,Paramètres!$C$32,IF(S119<Paramètres!$B$33,Paramètres!$C$33,IF(S119<Paramètres!$B$34,Paramètres!$C$34,IF(S119<Paramètres!$B$35,Paramètres!$C$35,IF(S119<Paramètres!$B$36,Paramètres!$C$36,IF(S119<Paramètres!$B$37,Paramètres!$C$37,Paramètres!$C$38))))))))),[3]Données!P559),"") -> De 0 à 3 ans
A120: 1594 | B120: OUTAASSOUTE | C120: TAWFIQ | D120: Nador | E120: Employé | F120: 45293 | H120: 36960 | I120: =H120+(365.25*60) -> 58875 | K120: 1 | M120: =K120*(DATEDIF(H120,TODAY(),"m")/12) -> 25.25 | N120: Mr | O120: CDI | P120: NADOR | Q120: =IF(K120=1,IF(Paramètres!$E$9,IF(M120<Paramètres!$B$13,Paramètres!$C$13,IF(M120<Paramètres!$B$14,Paramètres!$C$14,IF(M120<Paramètres!$B$15,Paramètres!$C$15,IF(M120<Paramètres!$B$16,Paramètres!$C$16,IF(M120<Paramètres!$B$17,Paramètres!$C$17,IF(M120<Paramètres!$B$18,Paramètres!$C$18,IF(M120<Paramètres!$B$19,Paramètres!$C$19,IF(M120<Paramètres!$B$20,Paramètres!$C$20,IF(M120<Paramètres!$B$21,Paramètres!$C$21,Paramètres!$C$22))))))))),M120),"") -> De 25 à 29 ans | R120: =+IF(N120="Mr",1,2) -> 1 | S120: =K120*(DATEDIF(F120,TODAY(),"m")/12) -> 2.5 | T120: =IF(K120=1,IF(Paramètres!$E$25,IF(S120<Paramètres!$B$29,Paramètres!$C$29,IF(S120<Paramètres!$B$30,Paramètres!$C$30,IF(S120<Paramètres!$B$31,Paramètres!$C$31,IF(S120<Paramètres!$B$32,Paramètres!$C$32,IF(S120<Paramètres!$B$33,Paramètres!$C$33,IF(S120<Paramètres!$B$34,Paramètres!$C$34,IF(S120<Paramètres!$B$35,Paramètres!$C$35,IF(S120<Paramètres!$B$36,Paramètres!$C$36,IF(S120<Paramètres!$B$37,Paramètres!$C$37,Paramètres!$C$38))))))))),[3]Données!P560),"") -> De 0 à 3 ans
A121: 1595 | B121: BUYGAYDAN | C121: MOHAMED | D121: Nador | E121: Employé | F121: 45293 | H121: 36718 | I121: =H121+(365.25*60) -> 58633 | K121: 1 | M121: =K121*(DATEDIF(H121,TODAY(),"m")/12) -> 25.916667 | N121: Mr | O121: CDI | P121: NADOR | Q121: =IF(K121=1,IF(Paramètres!$E$9,IF(M121<Paramètres!$B$13,Paramètres!$C$13,IF(M121<Paramètres!$B$14,Paramètres!$C$14,IF(M121<Paramètres!$B$15,Paramètres!$C$15,IF(M121<Paramètres!$B$16,Paramètres!$C$16,IF(M121<Paramètres!$B$17,Paramètres!$C$17,IF(M121<Paramètres!$B$18,Paramètres!$C$18,IF(M121<Paramètres!$B$19,Paramètres!$C$19,IF(M121<Paramètres!$B$20,Paramètres!$C$20,IF(M121<Paramètres!$B$21,Paramètres!$C$21,Paramètres!$C$22))))))))),M121),"") -> De 25 à 29 ans | R121: =+IF(N121="Mr",1,2) -> 1 | S121: =K121*(DATEDIF(F121,TODAY(),"m")/12) -> 2.5 | T121: =IF(K121=1,IF(Paramètres!$E$25,IF(S121<Paramètres!$B$29,Paramètres!$C$29,IF(S121<Paramètres!$B$30,Paramètres!$C$30,IF(S121<Paramètres!$B$31,Paramètres!$C$31,IF(S121<Paramètres!$B$32,Paramètres!$C$32,IF(S121<Paramètres!$B$33,Paramètres!$C$33,IF(S121<Paramètres!$B$34,Paramètres!$C$34,IF(S121<Paramètres!$B$35,Paramètres!$C$35,IF(S121<Paramètres!$B$36,Paramètres!$C$36,IF(S121<Paramètres!$B$37,Paramètres!$C$37,Paramètres!$C$38))))))))),[3]Données!P561),"") -> De 0 à 3 ans
A122: 1602 | B122: FAOUZI | C122: ABDELLAH | D122: Nador | E122: Cadre | F122: 45334 | G122: 2NAD01 | H122: 36021 | I122: =H122+(365.25*60) -> 57936 | K122: 1 | M122: =K122*(DATEDIF(H122,TODAY(),"m")/12) -> 27.833333 | N122: Mr | O122: CDI | P122: NADOR | Q122: =IF(K122=1,IF(Paramètres!$E$9,IF(M122<Paramètres!$B$13,Paramètres!$C$13,IF(M122<Paramètres!$B$14,Paramètres!$C$14,IF(M122<Paramètres!$B$15,Paramètres!$C$15,IF(M122<Paramètres!$B$16,Paramètres!$C$16,IF(M122<Paramètres!$B$17,Paramètres!$C$17,IF(M122<Paramètres!$B$18,Paramètres!$C$18,IF(M122<Paramètres!$B$19,Paramètres!$C$19,IF(M122<Paramètres!$B$20,Paramètres!$C$20,IF(M122<Paramètres!$B$21,Paramètres!$C$21,Paramètres!$C$22))))))))),M122),"") -> De 25 à 29 ans | R122: =+IF(N122="Mr",1,2) -> 1 | S122: =K122*(DATEDIF(F122,TODAY(),"m")/12) -> 2.3333333 | T122: =IF(K122=1,IF(Paramètres!$E$25,IF(S122<Paramètres!$B$29,Paramètres!$C$29,IF(S122<Paramètres!$B$30,Paramètres!$C$30,IF(S122<Paramètres!$B$31,Paramètres!$C$31,IF(S122<Paramètres!$B$32,Paramètres!$C$32,IF(S122<Paramètres!$B$33,Paramètres!$C$33,IF(S122<Paramètres!$B$34,Paramètres!$C$34,IF(S122<Paramètres!$B$35,Paramètres!$C$35,IF(S122<Paramètres!$B$36,Paramètres!$C$36,IF(S122<Paramètres!$B$37,Paramètres!$C$37,Paramètres!$C$38))))))))),[3]Données!P562),"") -> De 0 à 3 ans
A123: 1627 | B123: MOULAY | C123: HAMZA | D123: Nador | E123: Employé | F123: 45383 | H123: 36041 | I123: =H123+(365.25*60) -> 57956 | K123: 1 | M123: =K123*(DATEDIF(H123,TODAY(),"m")/12) -> 27.833333 | N123: Mr | O123: CDI | P123: NADOR | Q123: =IF(K123=1,IF(Paramètres!$E$9,IF(M123<Paramètres!$B$13,Paramètres!$C$13,IF(M123<Paramètres!$B$14,Paramètres!$C$14,IF(M123<Paramètres!$B$15,Paramètres!$C$15,IF(M123<Paramètres!$B$16,Paramètres!$C$16,IF(M123<Paramètres!$B$17,Paramètres!$C$17,IF(M123<Paramètres!$B$18,Paramètres!$C$18,IF(M123<Paramètres!$B$19,Paramètres!$C$19,IF(M123<Paramètres!$B$20,Paramètres!$C$20,IF(M123<Paramètres!$B$21,Paramètres!$C$21,Paramètres!$C$22))))))))),M123),"") -> De 25 à 29 ans | R123: =+IF(N123="Mr",1,2) -> 1 | S123: =K123*(DATEDIF(F123,TODAY(),"m")/12) -> 2.25 | T123: =IF(K123=1,IF(Paramètres!$E$25,IF(S123<Paramètres!$B$29,Paramètres!$C$29,IF(S123<Paramètres!$B$30,Paramètres!$C$30,IF(S123<Paramètres!$B$31,Paramètres!$C$31,IF(S123<Paramètres!$B$32,Paramètres!$C$32,IF(S123<Paramètres!$B$33,Paramètres!$C$33,IF(S123<Paramètres!$B$34,Paramètres!$C$34,IF(S123<Paramètres!$B$35,Paramètres!$C$35,IF(S123<Paramètres!$B$36,Paramètres!$C$36,IF(S123<Paramètres!$B$37,Paramètres!$C$37,Paramètres!$C$38))))))))),[3]Données!P563),"") -> De 0 à 3 ans
A124: 1628 | B124: ECH-CHAYKH | C124: KARIM | D124: Nador | E124: Employé | F124: 45383 | H124: 37320 | I124: =H124+(365.25*60) -> 59235 | K124: 1 | M124: =K124*(DATEDIF(H124,TODAY(),"m")/12) -> 24.333333 | N124: Mr | O124: CDI | P124: NADOR | Q124: =IF(K124=1,IF(Paramètres!$E$9,IF(M124<Paramètres!$B$13,Paramètres!$C$13,IF(M124<Paramètres!$B$14,Paramètres!$C$14,IF(M124<Paramètres!$B$15,Paramètres!$C$15,IF(M124<Paramètres!$B$16,Paramètres!$C$16,IF(M124<Paramètres!$B$17,Paramètres!$C$17,IF(M124<Paramètres!$B$18,Paramètres!$C$18,IF(M124<Paramètres!$B$19,Paramètres!$C$19,IF(M124<Paramètres!$B$20,Paramètres!$C$20,IF(M124<Paramètres!$B$21,Paramètres!$C$21,Paramètres!$C$22))))))))),M124),"") -> De 18 à 24 ans | R124: =+IF(N124="Mr",1,2) -> 1 | S124: =K124*(DATEDIF(F124,TODAY(),"m")/12) -> 2.25 | T124: =IF(K124=1,IF(Paramètres!$E$25,IF(S124<Paramètres!$B$29,Paramètres!$C$29,IF(S124<Paramètres!$B$30,Paramètres!$C$30,IF(S124<Paramètres!$B$31,Paramètres!$C$31,IF(S124<Paramètres!$B$32,Paramètres!$C$32,IF(S124<Paramètres!$B$33,Paramètres!$C$33,IF(S124<Paramètres!$B$34,Paramètres!$C$34,IF(S124<Paramètres!$B$35,Paramètres!$C$35,IF(S124<Paramètres!$B$36,Paramètres!$C$36,IF(S124<Paramètres!$B$37,Paramètres!$C$37,Paramètres!$C$38))))))))),[3]Données!P564),"") -> De 0 à 3 ans
A125: 1629 | B125: DAOUDI | C125: ABDESSAMAD | D125: Nador | E125: Employé | F125: 45383 | H125: 36510 | I125: =H125+(365.25*60) -> 58425 | K125: 1 | M125: =K125*(DATEDIF(H125,TODAY(),"m")/12) -> 26.5 | N125: Mr | O125: CDI | P125: NADOR | Q125: =IF(K125=1,IF(Paramètres!$E$9,IF(M125<Paramètres!$B$13,Paramètres!$C$13,IF(M125<Paramètres!$B$14,Paramètres!$C$14,IF(M125<Paramètres!$B$15,Paramètres!$C$15,IF(M125<Paramètres!$B$16,Paramètres!$C$16,IF(M125<Paramètres!$B$17,Paramètres!$C$17,IF(M125<Paramètres!$B$18,Paramètres!$C$18,IF(M125<Paramètres!$B$19,Paramètres!$C$19,IF(M125<Paramètres!$B$20,Paramètres!$C$20,IF(M125<Paramètres!$B$21,Paramètres!$C$21,Paramètres!$C$22))))))))),M125),"") -> De 25 à 29 ans | R125: =+IF(N125="Mr",1,2) -> 1 | S125: =K125*(DATEDIF(F125,TODAY(),"m")/12) -> 2.25 | T125: =IF(K125=1,IF(Paramètres!$E$25,IF(S125<Paramètres!$B$29,Paramètres!$C$29,IF(S125<Paramètres!$B$30,Paramètres!$C$30,IF(S125<Paramètres!$B$31,Paramètres!$C$31,IF(S125<Paramètres!$B$32,Paramètres!$C$32,IF(S125<Paramètres!$B$33,Paramètres!$C$33,IF(S125<Paramètres!$B$34,Paramètres!$C$34,IF(S125<Paramètres!$B$35,Paramètres!$C$35,IF(S125<Paramètres!$B$36,Paramètres!$C$36,IF(S125<Paramètres!$B$37,Paramètres!$C$37,Paramètres!$C$38))))))))),[3]Données!P565),"") -> De 0 à 3 ans
...

Sheet Feuil3
A1: Matricule | B1: Nom | C1: Prenom | D1: Lieu de travail | E1: Base | F1: PRIME_REPRESENT | G1: Indemnité transport | H1: Indemnité poste | I1: Prime logement | J1: P logement n logé | K1: P logement logé | L1: P logement famille | M1: Indemnité encadrement | N1: Indemnité panier | O1: Indemnité chaleur | P1: Indemnité salissure | Q1: Indemnité poste douche | R1: Indemnité contre maitre | S1: Indemnité velomoteur | T1: Indemnité dimanche | U1: Prime caisse | V1: Forfait HS | W1: Indemnité compensatrice | X1: Indémnité chef de poste | Y1: Collège | Z1: Echelle | AA1: DEB_CONTRAT | AB1: FIN_CONTRAT | AC1: DT_NAISSANCE | AD1: Famille | AE1: CIVILITE | AF1: Taux Prime ancienneté | AG1: C cout
A2: 1537 | B2: OUASS | C2: ANAS | D2: Nador | Y2: Employé | Z2: B | AA2: 44986 | AC2: 35885 | AD2: M | AE2: Mr | AF2: 0 | AG2: 2FIB01
A3: 1513 | B3: BOULMANE | C3: YOUSSEF | D3: Nador | Y3: Employé | Z3: B | AA3: 44928 | AC3: 37098 | AD3: C | AE3: Mr | AF3: 5 | AG3: 2FIB01
A4: 1516 | B4: BOUHASSOUN | C4: MOURAD | D4: Nador | Y4: Employé | Z4: B | AA4: 44928 | AC4: 32738 | AD4: M | AE4: Mr | AF4: 5 | AG4: 2FIB01
A5: 1628 | B5: ECH-CHAYKH | C5: KARIM | D5: Nador | Y5: Employé | Z5: B | AA5: 45383 | AC5: 37320 | AD5: C | AE5: Mr | AF5: 0 | AG5: 2FIB01
A6: 456 | B6: ARRAISS | C6: ABDESLAM | D6: Nador | Y6: Maitrise | Z6: D | AA6: 35947 | AC6: 26344 | AD6: M | AE6: Mr | AF6: 25 | AG6: 2FIB01
A7: 1525 | B7: KHLAIF | C7: ABDERRAHMANE | D7: Nador | Y7: Employé | Z7: B | AA7: 44972 | AC7: 36825 | AD7: M | AE7: Mr | AF7: 0 | AG7: 2FIB01
A8: 1536 | B8: KABBOUCH | C8: ABDERRAHIM | D8: Nador | Y8: Employé | Z8: B | AA8: 44986 | AC8: 34396 | AD8: M | AE8: Mr | AF8: 0 | AG8: 2FIB01
A9: 1559 | B9: BOUHRICHE | C9: Ayoub | D9: Nador | Y9: Employé | Z9: B | AA9: 45108 | AC9: 33792 | AD9: C | AE9: Mr | AF9: 0 | AG9: 2FIB01
A10: 309 | B10: AMDARI | C10: MUSTAPHA | D10: Nador | Y10: Maitrise | Z10: 3 | AA10: 32539 | AC10: 25653 | AD10: M | AE10: Mr | AF10: 25 | AG10: 2FIB01
A11: 512 | B11: ER RAJI | C11: MOHAMED | D11: Nador | Y11: Maitrise | Z11: D | AA11: 36472 | AC11: 29036 | AD11: M | AE11: Mr | AF11: 25 | AG11: 2FIB01
A12: 1538 | B12: TABARRANT | C12: ABDELHASSIB | D12: Nador | Y12: Employé | Z12: B | AA12: 44998 | AC12: 35942 | AD12: M | AE12: Mr | AF12: 0 | AG12: 2FIB01
A13: 1594 | B13: OUTAASSOUTE | C13: TAWFIQ | D13: Nador | Y13: Employé | Z13: B | AA13: 45293 | AC13: 36960 | AD13: C | AE13: Mr | AF13: 0 | AG13: 2FIB01
A14: 1629 | B14: DAOUDI | C14: ABDESSAMAD | D14: Nador | Y14: Employé | Z14: B | AA14: 45383 | AC14: 36510 | AD14: C | AE14: Mr | AF14: 0 | AG14: 2FIB01
A15: 1630 | B15: DRAOUI | C15: ABDELOUAHID | D15: Nador | Y15: Employé | Z15: B | AA15: 45383 | AC15: 34780 | AD15: C | AE15: Mr | AF15: 0 | AG15: 2FIB01
A16: 344 | B16: EL AMMARI | C16: MOHAMED | D16: Nador | Y16: Maitrise | Z16: 4 | AA16: 33085 | AB16: 45953 | AC16: 24038 | AD16: M | AE16: Mr | AF16: 25 | AG16: 2FIB01
A17: 1280 | B17: HACHMI | C17: MUSTAPHA | D17: Nador | Y17: Maitrise | Z17: F | AA17: 41981 | AC17: 26299 | AD17: M | AE17: Mr | AF17: 10 | AG17: 2TVN01
A18: 393 | B18: TALAA | C18: M'HAMMED | D18: Nador | Y18: Maitrise | Z18: 4 | AA18: 34554 | AC18: 25165 | AD18: M | AE18: Mr | AF18: 25 | AG18: 2NAD01
A19: 372 | B19: ABDAIM | C19: LAHOUCINE | D19: Nador | Y19: Employé | Z19: 10 | AA19: 33948 | AC19: 27210 | AD19: M | AE19: Mr | AF19: 25 | AG19: 2NAD01
A20: 367 | B20: AKAAOUCH | C20: ALI | D20: Nador | Y20: Maitrise | Z20: 5 | AA20: 33637 | AC20: 25494 | AD20: M | AE20: Mr | AF20: 25 | AG20: 2NAD01
A21: 354 | B21: EL IDRISSI | C21: NOUREDDINE | D21: Nador | Y21: Employé | Z21: 8 | AA21: 33233 | AB21: 45782 | AC21: 23867 | AD21: C | AE21: Mr | AF21: 25 | AG21: 2NAD01
A22: 347 | B22: AOUANE | C22: ABDENBI | D22: Nador | Y22: Maitrise | Z22: 5 | AA22: 33148 | AC22: 24867 | AD22: M | AE22: Mr | AF22: 25 | AG22: 2NAD01
A23: 332 | B23: RHANJATI | C23: MOHAMED | D23: Nador | Y23: Employé | Z23: 10 | AA23: 32898 | AC23: 26218 | AD23: M | AE23: Mr | AF23: 25 | AG23: 2NAD01
A24: 1514 | B24: EL-MORSLI | C24: MOHAMED | D24: Nador | Y24: Employé | Z24: B | AA24: 44914 | AC24: 35412 | AD24: C | AE24: Mr | AF24: 5 | AG24: 2NAD01
A25: 597 | B25: CHAOUCH | C25: RADOAN | D25: Nador | Y25: Maitrise | Z25: E | AA25: 37459 | AC25: 26873 | AD25: V | AE25: Mr | AF25: 20 | AG25: 2NAD01
A26: 1081 | B26: ELHARROUTI | C26: TIJANI | D26: Nador | Y26: Maitrise | Z26: E | AA26: 39853 | AC26: 31499 | AD26: M | AE26: Mr | AF26: 15 | AG26: 2NAD01
A27: 1082 | B27: EL BARRAGHI | C27: RACHID | D27: Nador | Y27: Maitrise | Z27: D | AA27: 39860 | AC27: 31635 | AD27: M | AE27: Mr | AF27: 15 | AG27: 2NAD01
A28: 1532 | B28: ALLOU | C28: DRISS | D28: Nador | Y28: Employé | Z28: C | AA28: 44986 | AC28: 31779 | AD28: M | AE28: Mr | AF28: 0 | AG28: 2NAD01
A29: 1552 | B29: AZDAD | C29: ABDERRAHMAN | D29: Nador | Y29: Employé | Z29: B | AA29: 45047 | AC29: 33786 | AD29: M | AE29: Mr | AF29: 0 | AG29: 2NAD01
A30: 1565 | B30: BENALI | C30: WASSIM | D30: Nador | Y30: Employé | Z30: B | AA30: 45139 | AC30: 35249 | AD30: M | AE30: Mr | AF30: 0 | AG30: 2NAD01
A31: 1595 | B31: BUYGAYDAN | C31: MOHAMED | D31: Nador | Y31: Employé | Z31: B | AA31: 45293 | AC31: 36718 | AD31: C | AE31: Mr | AF31: 0 | AG31: 2NAD01
A32: 1627 | B32: MOULAY | C32: HAMZA | D32: Nador | Y32: Employé | Z32: B | AA32: 45383 | AC32: 36041 | AD32: C | AE32: Mr | AF32: 0 | AG32: 2NAD01
A33: 324 | B33: EL KADAOUI | C33: HASSAN | D33: Nador | Y33: Maitrise | Z33: 4 | AA33: 32822 | AB33: 45807 | AC33: 23892 | AD33: M | AE33: Mr | AF33: 25 | AG33: 2NAD01
A34: 1673 | B34: CHAOUQUI | C34: MOHAMED | D34: Nador | Y34: Maitrise | Z34: D | AA34: 45659 | AC34: 34686 | AD34: C | AE34: Mr | AF34: 0 | AG34: 2NAD01
A35: 1508 | B35: EL BADMOUSSI | C35: ABDELILAH | D35: Nador | Y35: Employé | Z35: B | AA35: 44896 | AC35: 32579 | AD35: M | AE35: Mr | AF35: 5 | AG35: 2NAD01
A36: 1451 | B36: FEDDAHI | C36: ABDESSAMAD | D36: Nador | Y36: Employé | Z36: C | AA36: 44621 | AC36: 31884 | AD36: M | AE36: Mr | AF36: 5 | AG36: 2NAD01
A37: 1417 | B37: AABKARI | C37: MOUAD | D37: Nador | Y37: Maitrise | Z37: F | AA37: 44515 | AB37: 45740 | AC37: 35130 | AD37: C | AE37: Mr | AF37: 5 | AG37: 2NAD01
A38: 1390 | B38: AKEBI | C38: ABDELGHANI | D38: Nador | Y38: Employé | Z38: B | AA38: 44105 | AC38: 35385 | AD38: C | AE38: Mr | AF38: 5 | AG38: 2NAD01
A39: 957 | B39: SLIMANI | C39: MOURAD | D39: Nador | Y39: Maitrise | Z39: D | AA39: 39264 | AC39: 31068 | AD39: M | AE39: Mr | AF39: 15 | AG39: 2NAD01
A40: 494 | B40: MACHROUT | C40: RACHID | D40: Nador | Y40: Employé | Z40: C | AA40: 35996 | AC40: 26872 | AD40: M | AE40: Mr | AF40: 25 | AG40: 2NAD01
A41: 485 | B41: HADDOUCHI | C41: SALAH | D41: Nador | Y41: Employé | Z41: C | AA41: 35996 | AC41: 24958 | AD41: M | AE41: Mr | AF41: 25 | AG41: 2NAD01
A42: 473 | B42: ASGHIR | C42: AHMED | D42: Nador | Y42: Maitrise | Z42: E | AA42: 35996 | AC42: 24920 | AD42: C | AE42: Mr | AF42: 25 | AG42: 2NAD01
A43: 472 | B43: AOURAM | C43: AHMED | D43: Nador | Y43: Employé | Z43: C | AA43: 35996 | AC43: 24869 | AD43: M | AE43: Mr | AF43: 25 | AG43: 2NAD01
A44: 468 | B44: ABDESSADKI | C44: ABDERRAHMAN | D44: Nador | Y44: Employé | Z44: B | AA44: 35996 | AC44: 24066 | AD44: M | AE44: Mr | AF44: 25 | AG44: 2NAD01
A45: 1360 | B45: ADDI | C45: MOHAMED | D45: Nador | Y45: Employé | Z45: C | AA45: 43344 | AC45: 32388 | AD45: M | AE45: Mr | AF45: 10 | AG45: 2NAD01
A46: 1272 | B46: EL HADRI | C46: HASSAN | D46: Nador | Y46: Maitrise | Z46: E | AA46: 41353 | AC46: 32793 | AD46: C | AE46: Mr | AF46: 10 | AG46: 2NAD01
A47: 357 | B47: MOUNIB | C47: ABDELATI | D47: Nador | Y47: Maitrise | Z47: 5 | AA47: 33288 | AC47: 24627 | AD47: M | AE47: Mr | AF47: 25 | AG47: 2NAD01
A48: 356 | B48: IATISSAMI | C48: MUSTAPHA | D48: Nador | Y48: Maitrise | Z48: 4 | AA48: 33287 | AC48: 25263 | AD48: M | AE48: Mr | AF48: 25 | AG48: 2NAD01
A49: 469 | B49: ABDESSADKI | C49: AHMED | D49: Nador | Y49: Employé | Z49: C | AA49: 35996 | AC49: 25246 | AD49: M | AE49: Mr | AF49: 25 | AG49: 2NAD01
A50: 471 | B50: AGARTIT | C50: JAMAL | D50: Nador | Y50: Maitrise | Z50: D | AA50: 35996 | AC50: 28446 | AD50: M | AE50: Mr | AF50: 25 | AG50: 2NAD01
A51: 476 | B51: BOUDIOUAN | C51: MOHAMED | D51: Nador | Y51: Employé | Z51: C | AA51: 35996 | AC51: 27356 | AD51: M | AE51: Mr | AF51: 25 | AG51: 2NAD01
A52: 479 | B52: BRIMO | C52: FARID | D52: Nador | Y52: Employé | Z52: C | AA52: 35996 | AC52: 26337 | AD52: M | AE52: Mr | AF52: 25 | AG52: 2NAD01
A53: 480 | B53: CHAKKOU | C53: HAMID | D53: Nador | Y53: Employé | Z53: C | AA53: 35996 | AC53: 26849 | AD53: M | AE53: Mr | AF53: 25 | AG53: 2NAD01
A54: 487 | B54: ICH CHEN | C54: ABDELLAH | D54: Nador | Y54: Employé | Z54: C | AA54: 35996 | AC54: 25019 | AD54: M | AE54: Mr | AF54: 25 | AG54: 2NAD01
A55: 492 | B55: LAGHRABLI | C55: BOUCHTA | D55: Nador | Y55: Maitrise | Z55: D | AA55: 35996 | AC55: 27837 | AD55: M | AE55: Mr | AF55: 25 | AG55: 2NAD01
A56: 497 | B56: ROUMANI | C56: BRAHIM | D56: Nador | Y56: Employé | Z56: C | AA56: 35996 | AC56: 26361 | AD56: C | AE56: Mr | AF56: 25 | AG56: 2NAD01
A57: 510 | B57: LAKHAL | C57: HAMID | D57: Nador | Y57: Maitrise | Z57: E | AA57: 36395 | AC57: 28607 | AD57: M | AE57: Mr | AF57: 25 | AG57: 2NAD01
A58: 511 | B58: EL FARES | C58: ABDELRHANI | D58: Nador | Y58: Employé | Z58: C | AA58: 36466 | AC58: 26515 | AD58: M | AE58: Mr | AF58: 25 | AG58: 2NAD01
A59: 1389 | B59: BACHIRI | C59: SAMI | D59: Nador | Y59: Employé | Z59: C | AA59: 44105 | AC59: 30638 | AD59: D | AE59: Mr | AF59: 5 | AG59: 2NAD01
A60: 1416 | B60: ASBAI | C60: ILYAS | D60: Nador | Y60: Employé | Z60: B | AA60: 44501 | AB60: 45880 | AC60: 34417 | AD60: C | AE60: Mr | AF60: 5 | AG60: 2NAD01
A61: 1457 | B61: IRABNE | C61: YASSINE | D61: Nador | Y61: Maitrise | Z61: D | AA61: 44652 | AC61: 36056 | AD61: C | AE61: Mr | AF61: 5 | AG61: 2NAD01
A62: 596 | B62: BEN JILALI | C62: MOHAMED | D62: Nador | Y62: Employé | Z62: C | AA62: 37459 | AC62: 29479 | AD62: M | AE62: Mr | AF62: 20 | AG62: 2NAD01
A63: 1515 | B63: AMJOUD | C63: ABDELLAH | D63: Nador | Y63: Employé | Z63: C | AA63: 44928 | AC63: 33505 | AD63: M | AE63: Mr | AF63: 5 | AG63: 2NAD01
A64: 1632 | B64: BOUZEGGOU | C64: SALAH-EDDINE | D64: Nador | Y64: Employé | Z64: C | AA64: 45383 | AC64: 36909 | AD64: C | AE64: Mr | AF64: 0 | AG64: 2NAD01
A65: 1198 | B65: OUJAIDAN | C65: Fadila | D65: Nador | Y65: Maitrise | Z65: D | AA65: 40452 | AC65: 31999 | AD65: M | AE65: Melle | AF65: 15 | AG65: 2NAD01
A66: 1204 | B66: ENNCEIRI | C66: HOUSNI | D66: Nador | Y66: Employé | Z66: B | AA66: 40513 | AC66: 31666 | AD66: M | AE66: Mr | AF66: 15 | AG66: 2NAD01
A67: 1299 | B67: EL AMRANI | C67: MOHAMMED | D67: Nador | Y67: Maitrise | Z67: E | AA67: 42310 | AB67: 45838 | AC67: 31065 | AD67: M | AE67: Mr | AF67: 10 | AG67: 2NAD01
A68: 1271 | B68: BENBOUAZA | C68: MOHAMED | D68: Nador | Y68: Employé | Z68: C | AA68: 41353 | AC68: 32205 | AD68: M | AE68: Mr | AF68: 10 | AG68: 2NAD01
A69: 887 | B69: AZHAF | C69: MOHAMMED | D69: Nador | Y69: Employé | Z69: B | AA69: 38964 | AC69: 28477 | AD69: M | AE69: Mr | AF69: 15 | AG69: 2NAD01
A70: 824 | B70: ZANIBOU | C70: EL M'FADDAL | D70: Nador | Y70: Maitrise | Z70: E | AA70: 38719 | AC70: 30230 | AD70: M | AE70: Mr | AF70: 15 | AG70: 2NAD01
A71: 819 | B71: ABDELKHALEK | C71: AMINE | D71: Nador | Y71: Maitrise | Z71: E | AA71: 38719 | AC71: 31379 | AD71: M | AE71: Mr | AF71: 15 | AG71: 2NAD01
A72: 380 | B72: AZZAMMOURI | C72: LAARBI | D72: Nador | Y72: Employé | Z72: 9 | AA72: 33953 | AC72: 26109 | AD72: M | AE72: Mr | AF72: 25 | AG72: 2NAD01
A73: 368 | B73: OUCHNI | C73: HAMID | D73: Nador | Y73: Maitrise | Z73: 2 | AA73: 33637 | AC73: 25369 | AD73: M | AE73: Mr | AF73: 25 | AG73: 2NAD01
A74: 364 | B74: JAOUAL | C74: SAID | D74: Nador | Y74: Employé | Z74: 9 | AA74: 33589 | AC74: 25498 | AD74: M | AE74: Mr | AF74: 25 | AG74: 2NAD01
A75: 363 | B75: EL HAFHAFI | C75: ABDELAZIZ | D75: Nador | Y75: Employé | Z75: 9 | AA75: 33525 | AB75: 45826 | AC75: 23911 | AD75: M | AE75: Mr | AF75: 25 | AG75: 2NAD01
A76: 355 | B76: ALJI | C76: MAHMOUD | D76: Nador | Y76: Maitrise | Z76: 5 | AA76: 33246 | AC76: 24324 | AD76: M | AE76: Mr | AF76: 25 | AG76: 2NAD01
A77: 341 | B77: ALAOUI | C77: MOULAY MUSTAPHA | D77: Nador | Y77: Employé | Z77: 10 | AA77: 33072 | AC77: 24439 | AD77: M | AE77: Mr | AF77: 25 | AG77: 2NAD01
A78: 338 | B78: AKALAI | C78: MIMOUN | D78: Nador | Y78: Maitrise | Z78: 4 | AA78: 33001 | AC78: 24284 | AD78: M | AE78: Mr | AF78: 25 | AG78: 2NAD01
A79: 588 | B79: JEBBAR | C79: MY ABDELKARIM | D79: Nador | Y79: Maitrise | Z79: E | AA79: 37396 | AC79: 28889 | AD79: M | AE79: Mr | AF79: 20 | AG79: 2NAD01
A80: 1078 | B80: ZAHRAOUI | C80: MOHAMMED | D80: Nador | Y80: Maitrise | Z80: E | AA80: 39853 | AC80: 30838 | AD80: M | AE80: Mr | AF80: 15 | AG80: 2NAD01
A81: 1571 | B81: KANDANI | C81: FOUAD | D81: Nador | Y81: Maitrise | Z81: D | AA81: 45201 | AC81: 32422 | AD81: C | AE81: Mr | AF81: 0 | AG81: 2NAD01
A82: 1578 | B82: BOUTOUATOU | C82: SIMOHAMED | D82: Nador | Y82: Employé | Z82: C | AA82: 45243 | AC82: 34586 | AD82: C | AE82: Mr | AF82: 0 | AG82: 2NAD01
A83: 1633 | B83: BAHADI | C83: YOUNESS | D83: Nador | Y83: Maitrise | Z83: D | AA83: 45390 | AC83: 36565 | AD83: M | AE83: Mr | AF83: 0 | AG83: 2NAD01
A84: 239 | B84: BELHASSANI | C84: OMAR | D84: Nador | Y84: Maitrise | Z84: 6 | AA84: 31348 | AC84: 24093 | AD84: M | AE84: Mr | AF84: 25 | AG84: 2NAD01
A85: 1185 | B85: CHAKER | C85: Hassan | D85: Nador | Y85: Maitrise | Z85: D | AA85: 40360 | AB85: 45702 | AC85: 31393 | AD85: M | AE85: Mr | AF85: 15 | AG85: 2NAD01
A86: 1195 | B86: BARAKATE | C86: Oussama | D86: Nador | Y86: Maitrise | Z86: E | AA86: 40422 | AC86: 32377 | AD86: M | AE86: Mr | AF86: 15 | AG86: 2NAD01
A87: 1210 | B87: RAHOUTI | C87: YAHYA | D87: Nador | Y87: Maitrise | Z87: F | AA87: 40634 | AB87: 45898 | AC87: 31025 | AD87: M | AE87: Mr | AF87: 15 | AG87: 2NAD01
A88: 1672 | B88: CHIGUER | C88: HOUMMADA | D88: Nador | Y88: Maitrise | Z88: D | AA88: 45659 | AC88: 35195 | AD88: C | AE88: Mr | AF88: 0 | AG88: 2NAD01
A89: 1482 | B89: KHANOUCHI | C89: ABDELILAH | D89: Nador | Y89: Maitrise | Z89: D | AA89: 44835 | AC89: 35762 | AD89: M | AE89: Mr | AF89: 5 | AG89: 2NAD01
A90: 1450 | B90: OUCHEN | C90: SORAYA | D90: Nador | Y90: Maitrise | Z90: D | AA90: 44634 | AC90: 35353 | AD90: C | AE90: Melle | AF90: 5 | AG90: 2NAD01
A91: 505 | B91: ET-TAZI | C91: ABDENBI | D91: Nador | Y91: Employé | Z91: B | AA91: 36039 | AC91: 26114 | AD91: M | AE91: Mr | AF91: 25 | AG91: 2NAD01
A92: 498 | B92: TALEB | C92: MOHAMMED | D92: Nador | Y92: Employé | Z92: C | AA92: 35996 | AC92: 25749 | AD92: M | AE92: Mr | AF92: 25 | AG92: 2NAD01
A93: 495 | B93: OUHADDOU | C93: MOHAMED | D93: Nador | Y93: Maitrise | Z93: D | AA93: 35996 | AC93: 27305 | AD93: M | AE93: Mr | AF93: 25 | AG93: 2NAD01
A94: 493 | B94: LAZREG | C94: ABDESLAM | D94: Nador | Y94: Maitrise | Z94: F | AA94: 35996 | AC94: 26048 | AD94: M | AE94: Mr | AF94: 25 | AG94: 2NAD01
A95: 477 | B95: BOUHAITI | C95: CHERKI | D95: Nador | Y95: Employé | Z95: C | AA95: 35996 | AC95: 26554 | AD95: M | AE95: Mr | AF95: 25 | AG95: 2NAD01
A96: 470 | B96: ADDAHRI | C96: ABDELOUAHID | D96: Nador | Y96: Employé | Z96: C | AA96: 35996 | AC96: 26846 | AD96: M | AE96: Mr | AF96: 25 | AG96: 2NAD01
A97: 467 | B97: ABARCHI | C97: AHMED | D97: Nador | Y97: Employé | Z97: C | AA97: 35996 | AC97: 25617 | AD97: M | AE97: Mr | AF97: 25 | AG97: 2NAD01
A98: 462 | B98: LAAZIBI | C98: MOHAMED | D98: Nador | Y98: Maitrise | Z98: D | AA98: 35947 | AC98: 26404 | AD98: M | AE98: Mr | AF98: 25 | AG98: 2NAD01
A99: 458 | B99: AZIZI | C99: MUSTAPHA | D99: Nador | Y99: Maitrise | Z99: D | AA99: 35947 | AC99: 26186 | AD99: M | AE99: Mr | AF99: 25 | AG99: 2NAD01
... A102: 1367 | B102: OUCHEN | C102: HAJAR | D102: Nador | Y102: Maitrise | Z102: D | AA102: 43617 | AC102: 33877 | AD102: M | AE102: Mme | AF102: 10 | AG102: 2NAD01
...

Sheet Feuil1
A1: 1 | B1: 2 | C1: 3 | D1: 4 | E1: 5 | F1: 6 | G1: 7 | H1: 8 | I1: 9 | J1: 10 | K1: 11 | L1: 12 | M1: 13 | N1: 14 | O1: 15 | P1: 16 | Q1: 17 | R1: 18 | S1: 19 | T1: 20 | U1: 21 | V1: 22 | W1: 23 | X1: 24 | Y1: 25 | Z1: 26 | AA1: 27 | AB1: 28 | AC1: 29 | AD1: 30 | AE1: 31 | AF1: 32 | AG1: 33 | AH1: 34
A2: Matricule | B2: Nom | C2: Prenom | D2: Lieu de travail | E2: Base | F2: PRIME_REPRESENT | G2: Indemnité transport | H2: Indemnité poste | I2: Prime logement | J2: P logement n logé | K2: P logement logé | L2: P logement famille | M2: Indemnité encadrement | N2: Indemnité panier | O2: Indemnité chaleur | P2: Indemnité salissure | Q2: Indemnité poste douche | R2: Indemnité contre maitre | S2: Indemnité velomoteur | T2: Indemnité dimanche | U2: Prime caisse | V2: Forfait HS | W2: Indemnité compensatrice | X2: Indémnité chef de poste | Y2: Collège | Z2: Echelle | AA2: DEB_CONTRAT | AB2: FIN_CONTRAT | AC2: DT_NAISSANCE | AD2: Famille | AE2: CIVILITE | AF2: Taux Prime ancienneté
A3: 180 | B3: FELIOUNE | C3: MOSTAPHA | D3: Nador | Y3: Maitrise | Z3: 8 | AA3: 30881 | AC3: 23172 | AD3: M | AE3: Mr | AF3: 25 | AG3: 2PRO06
A4: 183 | B4: ASBAI | C4: IDRISS | D4: Nador | Y4: Maitrise | Z4: 5 | AA4: 30888 | AC4: 23417 | AD4: M | AE4: Mr | AF4: 25 | AG4: 2SDN01
A5: 208 | B5: ZARIOUH | C5: FARID | D5: Nador | Y5: Employé | Z5: 10 | AA5: 30942 | AC5: 23437 | AD5: M | AE5: Mr | AF5: 25 | AG5: 2FIB01
A6: 213 | B6: AJJAJI | C6: MOHAMED | D6: Nador | Y6: Maitrise | Z6: 9 | AA6: 30956 | AC6: 23558 | AD6: M | AE6: Mr | AF6: 25 | AG6: 2PRO03
A7: 236 | B7: TAZIOUEN | C7: MUSTAPHA | D7: Nador | Y7: Maitrise | Z7: 5 | AA7: 31292 | AC7: 23480 | AD7: M | AE7: Mr | AF7: 25 | AG7: 2MAI02
A8: 239 | B8: BELHASSANI | C8: OMAR | D8: Nador | Y8: Maitrise | Z8: 6 | AA8: 31348 | AC8: 24093 | AD8: M | AE8: Mr | AF8: 25 | AG8: 2MAI10
A9: 240 | B9: EL HADDIOUI | C9: BENAISSA | D9: Nador | Y9: Employé | Z9: 8 | AA9: 31355 | AC9: 23584 | AD9: M | AE9: Mr | AF9: 25 | AG9: 2MAI03
A10: 242 | B10: ELMADANI | C10: AISSA | D10: Nador | Y10: Employé | Z10: 10 | AA10: 31378 | AC10: 23294 | AD10: M | AE10: Mr | AF10: 25 | AG10: 2DRH09
A11: 249 | B11: ARRAHI | C11: MOUSTAPHA | D11: Nador | Y11: Maitrise | Z11: 5 | AA11: 31425 | AC11: 23233 | AD11: M | AE11: Mr | AF11: 25 | AG11: 2MAI07
A12: 252 | B12: SKALLI | C12: NAOUAL | D12: Nador | Y12: Maitrise | Z12: 5 | AA12: 31455 | AC12: 23642 | AD12: M | AE12: Mme | AF12: 25 | AG12: 2DRH09
A13: 263 | B13: BOUYANZAR | C13: AHMED | D13: Nador | Y13: Maitrise | Z13: 5 | AA13: 31699 | AC13: 23691 | AD13: M | AE13: Mr | AF13: 25 | AG13: 2GAR02
A14: 268 | B14: ABDEL-ILAH | C14: TOUFIK | D14: Nador | Y14: Maitrise | Z14: 6 | AA14: 31769 | AC14: 23464 | AD14: M | AE14: Mr | AF14: 25 | AG14: 2SEC01
... A43: 393 | B43: TALAA | C43: M'HAMMED | D43: Nador | Y43: Maitrise | Z43: 4 | AA43: 34554 | AC43: 25165 | AD43: M | AE43: Mr | AF43: 25 | AG43: 2PRO03
A44: 455 | B44: TAHIRI | C44: ABDELKADER | D44: Nador | Y44: Employé | Z44: C | AA44: 35947 | AC44: 24750 | AD44: C | AE44: Mr | AF44: 20 | AG44: 2PRO05
A45: 456 | B45: ARRAISS | C45: ABDESLAM | D45: Nador | Y45: Employé | Z45: C | AA45: 35947 | AC45: 26344 | AD45: M | AE45: Mr | AF45: 20 | AG45: 2FIB01
A46: 458 | B46: AZIZI | C46: MUSTAPHA | D46: Nador | Y46: Employé | Z46: C | AA46: 35947 | AC46: 26186 | AD46: M | AE46: Mr | AF46: 20 | AG46: 2MAI02
A47: 459 | B47: BEN OTMAN | C47: JAMAL | D47: Nador | Y47: Employé | Z47: C | AA47: 35947 | AC47: 25913 | AD47: M | AE47: Mr | AF47: 20 | AG47: 2SGX01
A48: 460 | B48: DARRAZ | C48: ABDELHAMID | D48: Nador | Y48: Employé | Z48: C | AA48: 35947 | AC48: 23205 | AD48: M | AE48: Mr | AF48: 20 | AG48: 2SDN01
A49: 462 | B49: LAAZIBI | C49: MOHAMED | D49: Nador | Y49: Maitrise | Z49: D | AA49: 35947 | AC49: 26404 | AD49: M | AE49: Mr | AF49: 20 | AG49: 2SGX01
A50: 464 | B50: MAZOUJI | C50: MIMOUN | D50: Nador | Y50: Employé | Z50: C | AA50: 35947 | AC50: 25361 | AD50: M | AE50: Mr | AF50: 20 | AG50: 2MAI06
A51: 466 | B51: AARAB | C51: SAID | D51: Nador | Y51: Employé | Z51: C | AA51: 35996 | AC51: 27373 | AD51: M | AE51: Mr | AF51: 20 | AG51: 2MAI09
A52: 467 | B52: ABARCHI | C52: AHMED | D52: Nador | Y52: Employé | Z52: C | AA52: 35996 | AC52: 25617 | AD52: M | AE52: Mr | AF52: 20 | AG52: 2PRO05
A53: 468 | B53: ABDESSADKI | C53: ABDERRAHMAN | D53: Nador | Y53: Employé | Z53: B | AA53: 35996 | AC53: 24066 | AD53: M | AE53: Mr | AF53: 20 | AG53: 2PRO06
A54: 469 | B54: ABDESSADKI | C54: AHMED | D54: Nador | Y54: Employé | Z54: C | AA54: 35996 | AC54: 25246 | AD54: M | AE54: Mr | AF54: 20 | AG54: 2PRO06
A55: 470 | B55: ADDAHRI | C55: ABDELOUAHID | D55: Nador | Y55: Employé | Z55: C | AA55: 35996 | AC55: 26846 | AD55: M | AE55: Mr | AF55: 20 | AG55: 2PRO05
... A135: 1532 | B135: ALLOU | C135: DRISS | D135: Nador | Y135: Employé | Z135: C | AA135: 44986 | AC135: 31779 | AD135: M | AE135: Mr | AF135: 0 | AG135: 2QUA01

Sheet Pyramide age
D1: 1 | E1: 2 | I1: 1 | J1: 2
D2: PFC | I2: SIEGE | N2: JORF | S2: Nador
D3: Homme | E3: Femme | F3: Femme | I3: Homme | J3: Femme | K3: Femme | N3: Homme | O3: Femme | P3: Femme | S3: Homme | T3: Femme | U3: Femme | AC3: Homme | AD3: Femme | AE3: Femme | AG3: 363 | AH3: 12 | AK3: Homme | AL3: Femme | AM3: Femme | AW3: H | AX3: F
C4: De 55 à 59 ans | D4: =COUNTIFS(EFFECTIF!Q:Q,C4,EFFECTIF!R:R,'Pyramide age'!$D$1,EFFECTIF!P:P,'Pyramide age'!$D$2) -> 0 | E4: =COUNTIFS(EFFECTIF!Q:Q,C4,EFFECTIF!R:R,'Pyramide age'!$E$1,EFFECTIF!P:P,'Pyramide age'!$D$2) -> 0 | F4: =E4*-1 -> 0 | H4: De 55 à 59 ans | I4: =COUNTIFS(EFFECTIF!Q:Q,C4,EFFECTIF!R:R,'Pyramide age'!$D$1,EFFECTIF!P:P,'Pyramide age'!$I$2) -> 0 | J4: =COUNTIFS(EFFECTIF!Q:Q,C4,EFFECTIF!R:R,'Pyramide age'!$E1,EFFECTIF!P:P,'Pyramide age'!$I$2) -> 0 | K4: =J4*-1 -> 0 | M4: De 55 à 59 ans | N4: =COUNTIFS(EFFECTIF!Q:Q,C4,EFFECTIF!R:R,'Pyramide age'!$D$1,EFFECTIF!P:P,'Pyramide age'!$N$2) -> 0 | O4: =COUNTIFS(EFFECTIF!Q:Q,C4,EFFECTIF!R:R,'Pyramide age'!$E$1,EFFECTIF!P:P,'Pyramide age'!$N$2) -> 0 | P4: =O4*-1 -> 0 | R4: De 55 à 59 ans | S4: =COUNTIFS(EFFECTIF!Q:Q,C4,EFFECTIF!R:R,'Pyramide age'!$D$1,EFFECTIF!P:P,'Pyramide age'!$S$2) -> 25 | T4: =COUNTIFS(EFFECTIF!Q:Q,C4,EFFECTIF!R:R,'Pyramide age'!$E$1,EFFECTIF!P:P,'Pyramide age'!$S$2) -> 0 | U4: =T4*-1 -> 0 | AB4: De 55 à 59 ans | AC4: =COUNTIFS(EFFECTIF!Q:Q,M4,EFFECTIF!R:R,'Pyramide age'!$D$1) -> 25 | AD4: =COUNTIFS(EFFECTIF!Q:Q,M4,EFFECTIF!R:R,'Pyramide age'!$E$1) -> 0 | AE4: =AD4*-1 -> 0 | AG4: 140 | AH4: 8 | AJ4: De 0 à 3 ans | AK4: =IF(COUNTIFS(EFFECTIF!T:T,AJ4,EFFECTIF!R:R,'Pyramide age'!$D$1)=0,"",COUNTIFS(EFFECTIF!T:T,AJ4,EFFECTIF!R:R,'Pyramide age'!$D$1)) -> 41 | AL4: =IF(COUNTIFS(EFFECTIF!T:T,AJ4,EFFECTIF!R:R,'Pyramide age'!$E$1)=0,"",COUNTIFS(EFFECTIF!T:T,AJ4,EFFECTIF!R:R,'Pyramide age'!$E$1)) -> 2 | AM4: =IF(COUNTIFS(EFFECTIF!T:T,AJ4,EFFECTIF!R:R,'Pyramide age'!$E$1)=0,"",AL4*-1) -> -2 | AV4: CADRE | AW4: =COUNTIFS(EFFECTIF!E:E,"Cadre",EFFECTIF!R:R,1) -> 10 | AX4: =COUNTIFS(EFFECTIF!E:E,"Cadre",EFFECTIF!R:R,2) -> 0 | AY4: =+AW4+AX4 -> 10
C5: De 60 à 64 ans | D5: =COUNTIFS(EFFECTIF!Q:Q,C5,EFFECTIF!R:R,'Pyramide age'!$D$1,EFFECTIF!P:P,'Pyramide age'!$D$2) -> 0 | E5: =COUNTIFS(EFFECTIF!Q:Q,C5,EFFECTIF!R:R,'Pyramide age'!$E$1,EFFECTIF!P:P,'Pyramide age'!$D$2) -> 0 | F5: =E5*-1 -> 0 | H5: De 60 à 64 ans | I5: =COUNTIFS(EFFECTIF!Q:Q,C5,EFFECTIF!R:R,'Pyramide age'!$D$1,EFFECTIF!P:P,'Pyramide age'!$I$2) -> 0 | J5: =COUNTIFS(EFFECTIF!Q:Q,C5,EFFECTIF!R:R,'Pyramide age'!$E2,EFFECTIF!P:P,'Pyramide age'!$I$2) -> 0 | K5: =J5*-1 -> 0 | M5: De 60 à 64 ans | N5: =COUNTIFS(EFFECTIF!Q:Q,C5,EFFECTIF!R:R,'Pyramide age'!$D$1,EFFECTIF!P:P,'Pyramide age'!$N$2) -> 0 | O5: =COUNTIFS(EFFECTIF!Q:Q,C5,EFFECTIF!R:R,'Pyramide age'!$E$1,EFFECTIF!P:P,'Pyramide age'!$N$2) -> 0 | P5: =O5*-1 -> 0 | R5: De 60 à 64 ans | S5: =COUNTIFS(EFFECTIF!Q:Q,C5,EFFECTIF!R:R,'Pyramide age'!$D$1,EFFECTIF!P:P,'Pyramide age'!$S$2) -> 5 | T5: =COUNTIFS(EFFECTIF!Q:Q,C5,EFFECTIF!R:R,'Pyramide age'!$E$1,EFFECTIF!P:P,'Pyramide age'!$S$2) -> 0 | U5: =T5*-1 -> 0 | AB5: De 50 à 54 ans | AC5: =COUNTIFS(EFFECTIF!Q:Q,M6,EFFECTIF!R:R,'Pyramide age'!$D$1) -> 22 | AD5: =COUNTIFS(EFFECTIF!Q:Q,M6,EFFECTIF!R:R,'Pyramide age'!$E$1) -> 0 | AE5: =AD5*-1 -> 0 | AG5: 31 | AH5: 5 | AJ5: De 3 à 6 ans | AK5: =IF(COUNTIFS(EFFECTIF!T:T,AJ5,EFFECTIF!R:R,'Pyramide age'!$D$1)=0,"",COUNTIFS(EFFECTIF!T:T,AJ5,EFFECTIF!R:R,'Pyramide age'!$D$1)) -> 23 | AL5: =IF(COUNTIFS(EFFECTIF!T:T,AJ5,EFFECTIF!R:R,'Pyramide age'!$E$1)=0,"",COUNTIFS(EFFECTIF!T:T,AJ5,EFFECTIF!R:R,'Pyramide age'!$E$1)) -> 1 | AM5: =IF(COUNTIFS(EFFECTIF!T:T,AJ5,EFFECTIF!R:R,'Pyramide age'!$E$1)=0,"",AL5*-1) -> -1 | AW5: =+AW4/$AY$4 -> 1 | AX5: =+AX4/$AY$4 -> 0
C6: De 50 à 54 ans | D6: =COUNTIFS(EFFECTIF!Q:Q,C6,EFFECTIF!R:R,'Pyramide age'!$D$1,EFFECTIF!P:P,'Pyramide age'!$D$2) -> 0 | E6: =COUNTIFS(EFFECTIF!Q:Q,C6,EFFECTIF!R:R,'Pyramide age'!$E$1,EFFECTIF!P:P,'Pyramide age'!$D$2) -> 0 | F6: =E6*-1 -> 0 | H6: De 50 à 54 ans | I6: =COUNTIFS(EFFECTIF!Q:Q,C6,EFFECTIF!R:R,'Pyramide age'!$D$1,EFFECTIF!P:P,'Pyramide age'!$I$2) -> 0 | J6: =COUNTIFS(EFFECTIF!Q:Q,C6,EFFECTIF!R:R,'Pyramide age'!$E3,EFFECTIF!P:P,'Pyramide age'!$I$2) -> 0 | K6: =J6*-1 -> 0 | M6: De 50 à 54 ans | N6: =COUNTIFS(EFFECTIF!Q:Q,C6,EFFECTIF!R:R,'Pyramide age'!$D$1,EFFECTIF!P:P,'Pyramide age'!$N$2) -> 0 | O6: =COUNTIFS(EFFECTIF!Q:Q,C6,EFFECTIF!R:R,'Pyramide age'!$E$1,EFFECTIF!P:P,'Pyramide age'!$N$2) -> 0 | P6: =O6*-1 -> 0 | R6: De 50 à 54 ans | S6: =COUNTIFS(EFFECTIF!Q:Q,C6,EFFECTIF!R:R,'Pyramide age'!$D$1,EFFECTIF!P:P,'Pyramide age'!$S$2) -> 22 | T6: =COUNTIFS(EFFECTIF!Q:Q,C6,EFFECTIF!R:R,'Pyramide age'!$E$1,EFFECTIF!P:P,'Pyramide age'!$S$2) -> 0 | U6: =T6*-1 -> 0 | AB6: De 45 à 49 ans | AC6: =COUNTIFS(EFFECTIF!Q:Q,M7,EFFECTIF!R:R,'Pyramide age'!$D$1) -> 6 | AD6: =COUNTIFS(EFFECTIF!Q:Q,M7,EFFECTIF!R:R,'Pyramide age'!$E$1) -> 0 | AE6: =AD6*-1 -> 0 | AG6: 30 | AH6: 20 | AJ6: De 7 à 10 ans | AK6: =IF(COUNTIFS(EFFECTIF!T:T,AJ6,EFFECTIF!R:R,'Pyramide age'!$D$1)=0,"",COUNTIFS(EFFECTIF!T:T,AJ6,EFFECTIF!R:R,'Pyramide age'!$D$1)) -> 4 | AL6: =IF(COUNTIFS(EFFECTIF!T:T,AJ6,EFFECTIF!R:R,'Pyramide age'!$E$1)=0,"",COUNTIFS(EFFECTIF!T:T,AJ6,EFFECTIF!R:R,'Pyramide age'!$E$1)) -> 2 | AM6: =IF(COUNTIFS(EFFECTIF!T:T,AJ6,EFFECTIF!R:R,'Pyramide age'!$E$1)=0,"",AL6*-1) -> -2
C7: De 45 à 49 ans | D7: =COUNTIFS(EFFECTIF!Q:Q,C7,EFFECTIF!R:R,'Pyramide age'!$D$1,EFFECTIF!P:P,'Pyramide age'!$D$2) -> 0 | E7: =COUNTIFS(EFFECTIF!Q:Q,C7,EFFECTIF!R:R,'Pyramide age'!$E$1,EFFECTIF!P:P,'Pyramide age'!$D$2) -> 0 | F7: =E7*-1 -> 0 | H7: De 45 à 49 ans | I7: =COUNTIFS(EFFECTIF!Q:Q,C7,EFFECTIF!R:R,'Pyramide age'!$D$1,EFFECTIF!P:P,'Pyramide age'!$I$2) -> 0 | J7: =COUNTIFS(EFFECTIF!Q:Q,C7,EFFECTIF!R:R,'Pyramide age'!$E4,EFFECTIF!P:P,'Pyramide age'!$I$2) -> 0 | K7: =J7*-1 -> 0 | M7: De 45 à 49 ans | N7: =COUNTIFS(EFFECTIF!Q:Q,C7,EFFECTIF!R:R,'Pyramide age'!$D$1,EFFECTIF!P:P,'Pyramide age'!$N$2) -> 0 | O7: =COUNTIFS(EFFECTIF!Q:Q,C7,EFFECTIF!R:R,'Pyramide age'!$E$1,EFFECTIF!P:P,'Pyramide age'!$N$2) -> 0 | P7: =O7*-1 -> 0 | R7: De 45 à 49 ans | S7: =COUNTIFS(EFFECTIF!Q:Q,C7,EFFECTIF!R:R,'Pyramide age'!$D$1,EFFECTIF!P:P,'Pyramide age'!$S$2) -> 6 | T7: =COUNTIFS(EFFECTIF!Q:Q,C7,EFFECTIF!R:R,'Pyramide age'!$E$1,EFFECTIF!P:P,'Pyramide age'!$S$2) -> 0 | U7: =T7*-1 -> 0 | AB7: De 40 à 44 ans | AC7: =COUNTIFS(EFFECTIF!Q:Q,M8,EFFECTIF!R:R,'Pyramide age'!$D$1) -> 15 | AD7: =COUNTIFS(EFFECTIF!Q:Q,M8,EFFECTIF!R:R,'Pyramide age'!$E$1) -> 0 | AE7: =AD7*-1 -> 0 | AG7: =SUM(AG3:AG6) -> 564 | AH7: =SUM(AH3:AH6) -> 45 | AJ7: De 11 à 14 ans | AK7: =IF(COUNTIFS(EFFECTIF!T:T,AJ7,EFFECTIF!R:R,'Pyramide age'!$D$1)=0,"",COUNTIFS(EFFECTIF!T:T,AJ7,EFFECTIF!R:R,'Pyramide age'!$D$1)) -> 3 | AL7: =IF(COUNTIFS(EFFECTIF!T:T,AJ7,EFFECTIF!R:R,'Pyramide age'!$E$1)=0,"",COUNTIFS(EFFECTIF!T:T,AJ7,EFFECTIF!R:R,'Pyramide age'!$E$1)) | AM7: =IF(COUNTIFS(EFFECTIF!T:T,AJ7,EFFECTIF!R:R,'Pyramide age'!$E$1)=0,"",AL7*-1)
C8: De 40 à 44 ans | D8: =COUNTIFS(EFFECTIF!Q:Q,C8,EFFECTIF!R:R,'Pyramide age'!$D$1,EFFECTIF!P:P,'Pyramide age'!$D$2) -> 0 | E8: =COUNTIFS(EFFECTIF!Q:Q,C8,EFFECTIF!R:R,'Pyramide age'!$E$1,EFFECTIF!P:P,'Pyramide age'!$D$2) -> 0 | H8: De 40 à 44 ans | I8: =COUNTIFS(EFFECTIF!Q:Q,C8,EFFECTIF!R:R,'Pyramide age'!$D$1,EFFECTIF!P:P,'Pyramide age'!$I$2) -> 0 | J8: =COUNTIFS(EFFECTIF!Q:Q,C8,EFFECTIF!R:R,'Pyramide age'!$E5,EFFECTIF!P:P,'Pyramide age'!$I$2) -> 0 | K8: =J8*-1 -> 0 | M8: De 40 à 44 ans | N8: =COUNTIFS(EFFECTIF!Q:Q,C8,EFFECTIF!R:R,'Pyramide age'!$D$1,EFFECTIF!P:P,'Pyramide age'!$N$2) -> 0 | O8: =COUNTIFS(EFFECTIF!Q:Q,C8,EFFECTIF!R:R,'Pyramide age'!$E$1,EFFECTIF!P:P,'Pyramide age'!$N$2) -> 0 | P8: =O8*-1 -> 0 | R8: De 40 à 44 ans | S8: =COUNTIFS(EFFECTIF!Q:Q,C8,EFFECTIF!R:R,'Pyramide age'!$D$1,EFFECTIF!P:P,'Pyramide age'!$S$2) -> 15 | T8: =COUNTIFS(EFFECTIF!Q:Q,C8,EFFECTIF!R:R,'Pyramide age'!$E$1,EFFECTIF!P:P,'Pyramide age'!$S$2) -> 0 | U8: =T8*-1 -> 0 | AB8: De 35 à 39 ans | AC8: =COUNTIFS(EFFECTIF!Q:Q,M9,EFFECTIF!R:R,'Pyramide age'!$D$1) -> 17 | AD8: =COUNTIFS(EFFECTIF!Q:Q,M9,EFFECTIF!R:R,'Pyramide age'!$E$1) -> 2 | AE8: =AD8*-1 -> -2 | AJ8: De 15 à 19 ans | AK8: =IF(COUNTIFS(EFFECTIF!T:T,AJ8,EFFECTIF!R:R,'Pyramide age'!$D$1)=0,"",COUNTIFS(EFFECTIF!T:T,AJ8,EFFECTIF!R:R,'Pyramide age'!$D$1)) -> 10 | AL8: =IF(COUNTIFS(EFFECTIF!T:T,AJ8,EFFECTIF!R:R,'Pyramide age'!$E$1)=0,"",COUNTIFS(EFFECTIF!T:T,AJ8,EFFECTIF!R:R,'Pyramide age'!$E$1)) -> 1 | AM8: =IF(COUNTIFS(EFFECTIF!T:T,AJ8,EFFECTIF!R:R,'Pyramide age'!$E$1)=0,"",AL8*-1) -> -1 | AS8: =+COUNT(EFFECTIF!K2:K159) -> 158
C9: De 35 à 39 ans | D9: =COUNTIFS(EFFECTIF!Q:Q,C9,EFFECTIF!R:R,'Pyramide age'!$D$1,EFFECTIF!P:P,'Pyramide age'!$D$2) -> 0 | E9: =COUNTIFS(EFFECTIF!Q:Q,C9,EFFECTIF!R:R,'Pyramide age'!$E$1,EFFECTIF!P:P,'Pyramide age'!$D$2) -> 0 | H9: De 35 à 39 ans | I9: =COUNTIFS(EFFECTIF!Q:Q,C9,EFFECTIF!R:R,'Pyramide age'!$D$1,EFFECTIF!P:P,'Pyramide age'!$I$2) -> 0 | J9: =COUNTIFS(EFFECTIF!Q:Q,C9,EFFECTIF!R:R,'Pyramide age'!$E6,EFFECTIF!P:P,'Pyramide age'!$I$2) -> 0 | K9: =J9*-1 -> 0 | M9: De 35 à 39 ans | N9: =COUNTIFS(EFFECTIF!Q:Q,C9,EFFECTIF!R:R,'Pyramide age'!$D$1,EFFECTIF!P:P,'Pyramide age'!$N$2) -> 0 | O9: =COUNTIFS(EFFECTIF!Q:Q,C9,EFFECTIF!R:R,'Pyramide age'!$E$1,EFFECTIF!P:P,'Pyramide age'!$N$2) -> 0 | P9: =O9*-1 -> 0 | R9: De 35 à 39 ans | S9: =COUNTIFS(EFFECTIF!Q:Q,C9,EFFECTIF!R:R,'Pyramide age'!$D$1,EFFECTIF!P:P,'Pyramide age'!$S$2) -> 17 | T9: =COUNTIFS(EFFECTIF!Q:Q,C9,EFFECTIF!R:R,'Pyramide age'!$E$1,EFFECTIF!P:P,'Pyramide age'!$S$2) -> 2 | U9: =T9*-1 -> -2 | AB9: De 30 à 34 ans | AC9: =COUNTIFS(EFFECTIF!Q:Q,M10,EFFECTIF!R:R,'Pyramide age'!$D$1) -> 22 | AD9: =COUNTIFS(EFFECTIF!Q:Q,M10,EFFECTIF!R:R,'Pyramide age'!$E$1) -> 3 | AE9: =AD9*-1 -> -3 | AJ9: De 20 à 24 ans | AK9: =IF(COUNTIFS(EFFECTIF!T:T,AJ9,EFFECTIF!R:R,'Pyramide age'!$D$1)=0,"",COUNTIFS(EFFECTIF!T:T,AJ9,EFFECTIF!R:R,'Pyramide age'!$D$1)) -> 6 | AL9: =IF(COUNTIFS(EFFECTIF!T:T,AJ9,EFFECTIF!R:R,'Pyramide age'!$E$1)=0,"",COUNTIFS(EFFECTIF!T:T,AJ9,EFFECTIF!R:R,'Pyramide age'!$E$1)) | AM9: =IF(COUNTIFS(EFFECTIF!T:T,AJ9,EFFECTIF!R:R,'Pyramide age'!$E$1)=0,"",AL9*-1)
C10: De 30 à 34 ans | D10: =COUNTIFS(EFFECTIF!Q:Q,C10,EFFECTIF!R:R,'Pyramide age'!$D$1,EFFECTIF!P:P,'Pyramide age'!$D$2) -> 0 | E10: =COUNTIFS(EFFECTIF!Q:Q,C10,EFFECTIF!R:R,'Pyramide age'!$E$1,EFFECTIF!P:P,'Pyramide age'!$D$2) -> 0 | H10: De 30 à 34 ans | I10: =COUNTIFS(EFFECTIF!Q:Q,C10,EFFECTIF!R:R,'Pyramide age'!$D$1,EFFECTIF!P:P,'Pyramide age'!$I$2) -> 0 | J10: =COUNTIFS(EFFECTIF!Q:Q,C10,EFFECTIF!R:R,'Pyramide age'!$E7,EFFECTIF!P:P,'Pyramide age'!$I$2) -> 0 | K10: =J10*-1 -> 0 | M10: De 30 à 34 ans | N10: =COUNTIFS(EFFECTIF!Q:Q,C10,EFFECTIF!R:R,'Pyramide age'!$D$1,EFFECTIF!P:P,'Pyramide age'!$N$2) -> 0 | O10: =COUNTIFS(EFFECTIF!Q:Q,C10,EFFECTIF!R:R,'Pyramide age'!$E$1,EFFECTIF!P:P,'Pyramide age'!$N$2) -> 0 | P10: =O10*-1 -> 0 | R10: De 30 à 34 ans | S10: =COUNTIFS(EFFECTIF!Q:Q,C10,EFFECTIF!R:R,'Pyramide age'!$D$1,EFFECTIF!P:P,'Pyramide age'!$S$2) -> 22 | T10: =COUNTIFS(EFFECTIF!Q:Q,C10,EFFECTIF!R:R,'Pyramide age'!$E$1,EFFECTIF!P:P,'Pyramide age'!$S$2) -> 3 | U10: =T10*-1 -> -3 | AB10: De 25 à 29 ans | AC10: =COUNTIFS(EFFECTIF!Q:Q,M11,EFFECTIF!R:R,'Pyramide age'!$D$1) -> 19 | AD10: =COUNTIFS(EFFECTIF!Q:Q,M11,EFFECTIF!R:R,'Pyramide age'!$E$1) -> 1 | AE10: =AD10*-1 -> -1 | AJ10: De 25 à 29 ans | AK10: =IF(COUNTIFS(EFFECTIF!T:T,AJ10,EFFECTIF!R:R,'Pyramide age'!$D$1)=0,"",COUNTIFS(EFFECTIF!T:T,AJ10,EFFECTIF!R:R,'Pyramide age'!$D$1)) -> 36 | AL10: =IF(COUNTIFS(EFFECTIF!T:T,AJ10,EFFECTIF!R:R,'Pyramide age'!$E$1)=0,"",COUNTIFS(EFFECTIF!T:T,AJ10,EFFECTIF!R:R,'Pyramide age'!$E$1)) | AM10: =IF(COUNTIFS(EFFECTIF!T:T,AJ10,EFFECTIF!R:R,'Pyramide age'!$E$1)=0,"",AL10*-1)
C11: De 25 à 29 ans | D11: =COUNTIFS(EFFECTIF!Q:Q,C11,EFFECTIF!R:R,'Pyramide age'!$D$1,EFFECTIF!P:P,'Pyramide age'!$D$2) -> 0 | E11: =COUNTIFS(EFFECTIF!Q:Q,C11,EFFECTIF!R:R,'Pyramide age'!$E$1,EFFECTIF!P:P,'Pyramide age'!$D$2) -> 0 | H11: De 25 à 29 ans | I11: =COUNTIFS(EFFECTIF!Q:Q,C11,EFFECTIF!R:R,'Pyramide age'!$D$1,EFFECTIF!P:P,'Pyramide age'!$I$2) -> 0 | J11: =COUNTIFS(EFFECTIF!Q:Q,C11,EFFECTIF!R:R,'Pyramide age'!$E8,EFFECTIF!P:P,'Pyramide age'!$I$2) -> 0 | K11: =J11*-1 -> 0 | M11: De 25 à 29 ans | N11: =COUNTIFS(EFFECTIF!Q:Q,C11,EFFECTIF!R:R,'Pyramide age'!$D$1,EFFECTIF!P:P,'Pyramide age'!$N$2) -> 0 | O11: =COUNTIFS(EFFECTIF!Q:Q,C11,EFFECTIF!R:R,'Pyramide age'!$E$1,EFFECTIF!P:P,'Pyramide age'!$N$2) -> 0 | P11: =O11*-1 -> 0 | R11: De 25 à 29 ans | S11: =COUNTIFS(EFFECTIF!Q:Q,C11,EFFECTIF!R:R,'Pyramide age'!$D$1,EFFECTIF!P:P,'Pyramide age'!$S$2) -> 19 | T11: =COUNTIFS(EFFECTIF!Q:Q,C11,EFFECTIF!R:R,'Pyramide age'!$E$1,EFFECTIF!P:P,'Pyramide age'!$S$2) -> 1 | U11: =T11*-1 -> -1 | AB11: De 18 à 24 ans | AC11: =COUNTIFS(EFFECTIF!Q:Q,M12,EFFECTIF!R:R,'Pyramide age'!$D$1) -> 9 | AD11: =COUNTIFS(EFFECTIF!Q:Q,M12,EFFECTIF!R:R,'Pyramide age'!$E$1) -> 0 | AE11: =AD11*-1 -> 0 | AJ11: De 30 à 34 ans | AK11: =IF(COUNTIFS(EFFECTIF!T:T,AJ11,EFFECTIF!R:R,'Pyramide age'!$D$1)=0,"",COUNTIFS(EFFECTIF!T:T,AJ11,EFFECTIF!R:R,'Pyramide age'!$D$1)) -> 6 | AL11: =IF(COUNTIFS(EFFECTIF!T:T,AJ11,EFFECTIF!R:R,'Pyramide age'!$E$1)=0,"",COUNTIFS(EFFECTIF!T:T,AJ11,EFFECTIF!R:R,'Pyramide age'!$E$1)) | AM11: =IF(COUNTIFS(EFFECTIF!T:T,AJ11,EFFECTIF!R:R,'Pyramide age'!$E$1)=0,"",AL11*-1)
C12: De 0 à 24 ans | D12: =COUNTIFS(EFFECTIF!Q:Q,C12,EFFECTIF!R:R,'Pyramide age'!$D$1,EFFECTIF!P:P,'Pyramide age'!$D$2) -> 0 | E12: =COUNTIFS(EFFECTIF!Q:Q,C12,EFFECTIF!R:R,'Pyramide age'!$E$1,EFFECTIF!P:P,'Pyramide age'!$D$2) -> 0 | H12: De 0 à 24 ans | I12: =COUNTIFS(EFFECTIF!Q:Q,C12,EFFECTIF!R:R,'Pyramide age'!$D$1,EFFECTIF!P:P,'Pyramide age'!$I$2) -> 0 | J12: =COUNTIFS(EFFECTIF!Q:Q,C12,EFFECTIF!R:R,'Pyramide age'!$E9,EFFECTIF!P:P,'Pyramide age'!$I$2) -> 0 | K12: =J12*-1 -> 0 | M12: De 18 à 24 ans | N12: =COUNTIFS(EFFECTIF!Q:Q,C12,EFFECTIF!R:R,'Pyramide age'!$D$1,EFFECTIF!P:P,'Pyramide age'!$N$2) -> 0 | O12: =COUNTIFS(EFFECTIF!Q:Q,C12,EFFECTIF!R:R,'Pyramide age'!$E$1,EFFECTIF!P:P,'Pyramide age'!$N$2) -> 0 | P12: =O12*-1 -> 0 | R12: De 18 à 24 ans | S12: =COUNTIFS(EFFECTIF!Q:Q,C12,EFFECTIF!R:R,'Pyramide age'!$D$1,EFFECTIF!P:P,'Pyramide age'!$S$2) -> 0 | T12: =COUNTIFS(EFFECTIF!Q:Q,C12,EFFECTIF!R:R,'Pyramide age'!$E$1,EFFECTIF!P:P,'Pyramide age'!$S$2) -> 0 | U12: =T12*-1 -> 0 | AC12: =SUM(AC4:AC11) -> 135 | AD12: =SUM(AD4:AD11) -> 6 | AJ12: De 35 à 39 ans | AK12: =IF(COUNTIFS(EFFECTIF!T:T,AJ12,EFFECTIF!R:R,'Pyramide age'!$D$1)=0,"",COUNTIFS(EFFECTIF!T:T,AJ12,EFFECTIF!R:R,'Pyramide age'!$D$1)) -> 10 | AL12: =IF(COUNTIFS(EFFECTIF!T:T,AJ12,EFFECTIF!R:R,'Pyramide age'!$E$1)=0,"",COUNTIFS(EFFECTIF!T:T,AJ12,EFFECTIF!R:R,'Pyramide age'!$E$1)) | AM12: =IF(COUNTIFS(EFFECTIF!T:T,AJ12,EFFECTIF!R:R,'Pyramide age'!$E$1)=0,"",AL12*-1)
AC13: =+AC12/147 -> 0.91836735 | AD13: =+AD12/147 -> 0.040816327 | AJ13: De 40 à 49 ans | AK13: =IF(COUNTIFS(EFFECTIF!T:T,AJ13,EFFECTIF!R:R,'Pyramide age'!$D$1)=0,"",COUNTIFS(EFFECTIF!T:T,AJ13,EFFECTIF!R:R,'Pyramide age'!$D$1)) -> 1 | AL13: =IF(COUNTIFS(EFFECTIF!T:T,AJ13,EFFECTIF!R:R,'Pyramide age'!$E$1)=0,"",COUNTIFS(EFFECTIF!T:T,AJ13,EFFECTIF!R:R,'Pyramide age'!$E$1)) | AM13: =IF(COUNTIFS(EFFECTIF!T:T,AJ13,EFFECTIF!R:R,'Pyramide age'!$E$1)=0,"",AL13*-1)
AK14: =SUM(AK5:AK13) -> 99 | AL14: =SUM(AL5:AL13) -> 4 | AQ14: NOMBRE DE RECRUTEME + NOMBRE DEPART | AR14: =(mouvement!F49+mouvement!F33)/2 -> 20.5
AK15: =+AK14/156 -> 0.63461538 | AL15: =+AL14/156 -> 0.025641026
AQ16: TURNOVER | AR16: =+AR14/WFP!B4 -> 0.15769231
AS19: H | AT19: F
AQ20: Encadrement | AR20: =COUNTIFS(EFFECTIF!E:E,"Cadre")/COUNT(EFFECTIF!K2:K159) -> 0.063291139 | AS20: =COUNTIFS(EFFECTIF!E:E,"Cadre",EFFECTIF!R:R,1)/609 -> 0.016420361 | AT20: =COUNTIFS(EFFECTIF!E:E,"Cadre",EFFECTIF!R:R,2)/609 -> 0
AQ23: Demission | AR23: =6/WFP!B4 -> 0.046153846

Sheet WFP
B1: Real 12/2024 | C1: Real 01/2023 | D1: 44958 | E1: 44986 | F1: 45017 | G1: Target 2023
A2: Recrutement | C2: 4 | D2: 1 | E2: 4 | F2: 1
A3: Depart | C3: 3 | D3: 1 | E3: 2 | F3: 1
A4: Total SONASID Nador | B4: 130 | C4: =B4+C2-C3 -> 131 | D4: =C4+D2-D3 -> 131 | E4: =D4+E2-E3 -> 133 | F4: =E4+F2-F3 -> 133 | G4: =F4 -> 133

Sheet Paramètres
A2: Configurez vos paramètres
E5: FALSE
E9: TRUE
A11: Tranche d'âge
A12: >= | B12: < | C12: Libellé
A13: 18 | B13: 25 | C13: ="De " & A13 & " à " & B13 - 1 & " ans" -> De 18 à 24 ans
A14: 25 | B14: 30 | C14: ="De " & A14 & " à " & B14 - 1 & " ans" -> De 25 à 29 ans
A15: 30 | B15: 35 | C15: ="De " & A15 & " à " & B15 - 1 & " ans" -> De 30 à 34 ans
A16: 35 | B16: 40 | C16: ="De " & A16 & " à " & B16 - 1 & " ans" -> De 35 à 39 ans
A17: 40 | B17: 45 | C17: ="De " & A17 & " à " & B17 - 1 & " ans" -> De 40 à 44 ans
A18: 45 | B18: 50 | C18: ="De " & A18 & " à " & B18 - 1 & " ans" -> De 45 à 49 ans
A19: 50 | B19: 55 | C19: ="De " & A19 & " à " & B19 - 1 & " ans" -> De 50 à 54 ans
A20: 55 | B20: 60 | C20: ="De " & A20 & " à " & B20 - 1 & " ans" -> De 55 à 59 ans
A21: 60 | B21: 65 | C21: ="De " & A21 & " à " & B21 - 1 & " ans" -> De 60 à 64 ans
A22: 65 | B22: 100 | C22: ="De " & A22 & " à " & B22 - 1 & " ans" -> De 65 à 99 ans
E25: TRUE
A27: Tranche d'ancienneté
A28: >= | B28: < | C28: Libellé
A29: 0 | B29: 3 | C29: De 0 à 3 ans
A30: 3 | B30: 7 | C30: ="De " & A30 & " à " & B30 - 1 & " ans" -> De 3 à 6 ans
A31: 7 | B31: 11 | C31: ="De " & A31 & " à " & B31 - 1 & " ans" -> De 7 à 10 ans
A32: 11 | B32: 15 | C32: ="De " & A32 & " à " & B32 - 1 & " ans" -> De 11 à 14 ans
A33: 15 | B33: 20 | C33: ="De " & A33 & " à " & B33 - 1 & " ans" -> De 15 à 19 ans
A34: 20 | B34: 25 | C34: ="De " & A34 & " à " & B34 - 1 & " ans" -> De 20 à 24 ans
A35: 25 | B35: 30 | C35: ="De " & A35 & " à " & B35 - 1 & " ans" -> De 25 à 29 ans
A36: 30 | B36: 35 | C36: ="De " & A36 & " à " & B36 - 1 & " ans" -> De 30 à 34 ans
A37: 35 | B37: 40 | C37: ="De " & A37 & " à " & B37 - 1 & " ans" -> De 35 à 39 ans
A38: 40 | B38: 50 | C38: ="De " & A38 & " à " & B38 - 1 & " ans" -> De 40 à 49 ans
A40: Liste des critères variables étudiables
A41: Année | C41: Ne pas modifier
A42: =[1]Données!AB1 -> Autre critère 1
A43: =[1]Données!AC1 -> Autre critère 2
A44: =[1]Données!AD1 -> Autre critère 3
A45: Département
A46: Direction
A47: Métier
A48: Mois
A49: Nature de contrat
A50: Niveau de maitrîse
A51: Niveau hiérarchique
A52: Statut
A53: Temps de travail
A54: Tranche d'âge
A55: Tranche d'ancienneté
A56: Type de contrat
A57: Unité

Sheet mouvement
B3: Matricule | C3: Nom | D3: Prénom | E3: Site | F3: Collège | G3: Date recrutement | H3: C cout
B4: 1769 | C4: =VLOOKUP(B4,EFFECTIF!A:X,2,FALSE) -> HAJJOUBI | D4: =VLOOKUP(B4,EFFECTIF!A:X,3,FALSE) -> ABDELJALIL | E4: NADOR | F4: =VLOOKUP(B4,EFFECTIF!A:X,5,FALSE) -> Maitrise | G4: =VLOOKUP(B4,EFFECTIF!A:X,6,FALSE) -> 45873 | H4: "2NAD01
B5: 1753 | C5: =VLOOKUP(B5,EFFECTIF!A:X,2,FALSE) -> LAMSADDER | D5: =VLOOKUP(B5,EFFECTIF!A:X,3,FALSE) -> ABDERRAZEK | E5: NADOR | F5: =VLOOKUP(B5,EFFECTIF!A:X,5,FALSE) -> Employé | G5: =VLOOKUP(B5,EFFECTIF!A:X,6,FALSE) -> 45845 | H5: "2FIB01
B6: 1760 | C6: =VLOOKUP(B6,EFFECTIF!A:X,2,FALSE) -> BOULGHOUDAN | D6: =VLOOKUP(B6,EFFECTIF!A:X,3,FALSE) -> M'HAMED | E6: NADOR | F6: =VLOOKUP(B6,EFFECTIF!A:X,5,FALSE) -> Employé | G6: =VLOOKUP(B6,EFFECTIF!A:X,6,FALSE) -> 45845 | H6: "2NAD01
B7: 1752 | C7: =VLOOKUP(B7,EFFECTIF!A:X,2,FALSE) -> AIT HAQQI | D7: =VLOOKUP(B7,EFFECTIF!A:X,3,FALSE) -> JAWAD | E7: NADOR | F7: =VLOOKUP(B7,EFFECTIF!A:X,5,FALSE) -> Employé | G7: =VLOOKUP(B7,EFFECTIF!A:X,6,FALSE) -> 45839 | H7: "2FIB01
B8: 1754 | C8: =VLOOKUP(B8,EFFECTIF!A:X,2,FALSE) -> BENZAYYAN | D8: =VLOOKUP(B8,EFFECTIF!A:X,3,FALSE) -> ISSAM | E8: NADOR | F8: =VLOOKUP(B8,EFFECTIF!A:X,5,FALSE) -> Employé | G8: =VLOOKUP(B8,EFFECTIF!A:X,6,FALSE) -> 45839 | H8: "2NAD01
B9: 1755 | C9: =VLOOKUP(B9,EFFECTIF!A:X,2,FALSE) -> KHALIFI | D9: =VLOOKUP(B9,EFFECTIF!A:X,3,FALSE) -> HAMZA | E9: NADOR | F9: =VLOOKUP(B9,EFFECTIF!A:X,5,FALSE) -> Employé | G9: =VLOOKUP(B9,EFFECTIF!A:X,6,FALSE) -> 45839 | H9: "2NAD01
B10: 1756 | C10: =VLOOKUP(B10,EFFECTIF!A:X,2,FALSE) -> AMMARI | D10: =VLOOKUP(B10,EFFECTIF!A:X,3,FALSE) -> OUSSAMA | E10: NADOR | F10: =VLOOKUP(B10,EFFECTIF!A:X,5,FALSE) -> Employé | G10: =VLOOKUP(B10,EFFECTIF!A:X,6,FALSE) -> 45839 | H10: "2FIB01
B11: 1757 | C11: =VLOOKUP(B11,EFFECTIF!A:X,2,FALSE) -> ZIDAN | D11: =VLOOKUP(B11,EFFECTIF!A:X,3,FALSE) -> TAOUFIK | E11: NADOR | F11: =VLOOKUP(B11,EFFECTIF!A:X,5,FALSE) -> Employé | G11: =VLOOKUP(B11,EFFECTIF!A:X,6,FALSE) -> 45839 | H11: "2NAD01
B12: 1758 | C12: =VLOOKUP(B12,EFFECTIF!A:X,2,FALSE) -> CHOUDNA | D12: =VLOOKUP(B12,EFFECTIF!A:X,3,FALSE) -> YOUSSEF | E12: NADOR | F12: =VLOOKUP(B12,EFFECTIF!A:X,5,FALSE) -> Employé | G12: =VLOOKUP(B12,EFFECTIF!A:X,6,FALSE) -> 45839 | H12: "2NAD01
B13: 1759 | C13: =VLOOKUP(B13,EFFECTIF!A:X,2,FALSE) -> KERMAOUI | D13: =VLOOKUP(B13,EFFECTIF!A:X,3,FALSE) -> HOUSSAM | E13: NADOR | F13: =VLOOKUP(B13,EFFECTIF!A:X,5,FALSE) -> Employé | G13: =VLOOKUP(B13,EFFECTIF!A:X,6,FALSE) -> 45839 | H13: "2NAD01
B14: 1738 | C14: =VLOOKUP(B14,EFFECTIF!A:X,2,FALSE) -> MARCHOUHI | D14: =VLOOKUP(B14,EFFECTIF!A:X,3,FALSE) -> YOUSSEF | E14: NADOR | F14: =VLOOKUP(B14,EFFECTIF!A:X,5,FALSE) -> Employé | G14: =VLOOKUP(B14,EFFECTIF!A:X,6,FALSE) -> 45810 | H14: "2NAD01
B15: 1739 | C15: =VLOOKUP(B15,EFFECTIF!A:X,2,FALSE) -> BOUCHKHACHAKH | D15: =VLOOKUP(B15,EFFECTIF!A:X,3,FALSE) -> Younes | E15: NADOR | F15: =VLOOKUP(B15,EFFECTIF!A:X,5,FALSE) -> Employé | G15: =VLOOKUP(B15,EFFECTIF!A:X,6,FALSE) -> 45803 | H15: "2NAD01
... B32: 1673 | C32: =VLOOKUP(B32,EFFECTIF!A:X,2,FALSE) -> CHAOUQUI | D32: =VLOOKUP(B32,EFFECTIF!A:X,3,FALSE) -> MOHAMED | E32: NADOR | F32: =VLOOKUP(B32,EFFECTIF!A:X,5,FALSE) -> Maitrise | G32: =VLOOKUP(B32,EFFECTIF!A:X,6,FALSE) -> 45659 | H32: "2NAD01
B33: TOTAL | F33: =+COUNT(B4:B32) -> 29
B36: Matricule | C36: Nom | D36: Prénom | E36: Site | F36: Collège | G36: Date départ | H36: Motif départ
B37: 302 | C37: =VLOOKUP(B37,EFFECTIF!A:X,2,FALSE) -> CHOUA | D37: =VLOOKUP(B37,EFFECTIF!A:X,3,FALSE) -> MOHAMED | E37: Nador | F37: =VLOOKUP(B37,EFFECTIF!A:X,5,FALSE) -> Maitrise | G37: =VLOOKUP(B37,EFFECTIF!A:X,10,FALSE) -> 45838 | H37: =VLOOKUP(B37,EFFECTIF!A:X,12,FALSE) -> Retraite
B38: 324 | C38: =VLOOKUP(B38,EFFECTIF!A:X,2,FALSE) -> EL KADAOUI | D38: =VLOOKUP(B38,EFFECTIF!A:X,3,FALSE) -> HASSAN | E38: Nador | F38: =VLOOKUP(B38,EFFECTIF!A:X,5,FALSE) -> Maitrise | G38: =VLOOKUP(B38,EFFECTIF!A:X,10,FALSE) -> 45807 | H38: =VLOOKUP(B38,EFFECTIF!A:X,12,FALSE) -> Retraite
B39: 344 | C39: EL AMMARI | D39: MOHAMED | E39: Nador | F39: =VLOOKUP(B39,EFFECTIF!A:X,5,FALSE) -> Maitrise | G39: 45953 | H39: =VLOOKUP(B39,EFFECTIF!A:X,12,FALSE) -> Retraite
B40: 354 | C40: =VLOOKUP(B40,EFFECTIF!A:X,2,FALSE) -> EL IDRISSI | D40: =VLOOKUP(B40,EFFECTIF!A:X,3,FALSE) -> NOUREDDINE | E40: Nador | F40: =VLOOKUP(B40,EFFECTIF!A:X,5,FALSE) -> Employé | G40: =VLOOKUP(B40,EFFECTIF!A:X,10,FALSE) -> 45782 | H40: =VLOOKUP(B40,EFFECTIF!A:X,12,FALSE) -> Retraite
B41: 363 | C41: =VLOOKUP(B41,EFFECTIF!A:X,2,FALSE) -> EL HAFHAFI | D41: =VLOOKUP(B41,EFFECTIF!A:X,3,FALSE) -> ABDELAZIZ | E41: Nador | F41: =VLOOKUP(B41,EFFECTIF!A:X,5,FALSE) -> Employé | G41: =VLOOKUP(B41,EFFECTIF!A:X,10,FALSE) -> 45826 | H41: =VLOOKUP(B41,EFFECTIF!A:X,12,FALSE) -> Retraite
B42: 491 | C42: =VLOOKUP(B42,EFFECTIF!A:X,2,FALSE) -> KOUBAA | D42: =VLOOKUP(B42,EFFECTIF!A:X,3,FALSE) -> HASSAN | E42: Nador | F42: =VLOOKUP(B42,EFFECTIF!A:X,5,FALSE) -> Employé | G42: =VLOOKUP(B42,EFFECTIF!A:X,10,FALSE) -> 45818 | H42: =VLOOKUP(B42,EFFECTIF!A:X,12,FALSE) -> Retraite
B43: 499 | C43: =VLOOKUP(B43,EFFECTIF!A:X,2,FALSE) -> CHOURI | D43: =VLOOKUP(B43,EFFECTIF!A:X,3,FALSE) -> ALI | E43: Nador | F43: =VLOOKUP(B43,EFFECTIF!A:X,5,FALSE) -> Employé | G43: =VLOOKUP(B43,EFFECTIF!A:X,10,FALSE) -> 45870 | H43: =VLOOKUP(B43,EFFECTIF!A:X,12,FALSE) -> Démission
B44: 1185 | C44: =VLOOKUP(B44,EFFECTIF!A:X,2,FALSE) -> CHAKER | D44: =VLOOKUP(B44,EFFECTIF!A:X,3,FALSE) -> Hassan | E44: Nador | F44: =VLOOKUP(B44,EFFECTIF!A:X,5,FALSE) -> Employé | G44: =VLOOKUP(B44,EFFECTIF!A:X,10,FALSE) -> 45702 | H44: =VLOOKUP(B44,EFFECTIF!A:X,12,FALSE) -> Démission
B45: 1210 | C45: =VLOOKUP(B45,EFFECTIF!A:X,2,FALSE) -> RAHOUTI | D45: =VLOOKUP(B45,EFFECTIF!A:X,3,FALSE) -> YAHYA | E45: Nador | F45: =VLOOKUP(B45,EFFECTIF!A:X,5,FALSE) -> Maitrise | G45: =VLOOKUP(B45,EFFECTIF!A:X,10,FALSE) -> 45898 | H45: =VLOOKUP(B45,EFFECTIF!A:X,12,FALSE) -> Démission
B46: 1299 | C46: =VLOOKUP(B46,EFFECTIF!A:X,2,FALSE) -> EL AMRANI | D46: =VLOOKUP(B46,EFFECTIF!A:X,3,FALSE) -> MOHAMMED | E46: Nador | F46: =VLOOKUP(B46,EFFECTIF!A:X,5,FALSE) -> Maitrise | G46: =VLOOKUP(B46,EFFECTIF!A:X,10,FALSE) -> 45838 | H46: =VLOOKUP(B46,EFFECTIF!A:X,12,FALSE) -> Démission
B47: 1416 | C47: =VLOOKUP(B47,EFFECTIF!A:X,2,FALSE) -> ASBAI | D47: =VLOOKUP(B47,EFFECTIF!A:X,3,FALSE) -> ILYAS | E47: Nador | F47: =VLOOKUP(B47,EFFECTIF!A:X,5,FALSE) -> Employé | G47: =VLOOKUP(B47,EFFECTIF!A:X,10,FALSE) -> 45880 | H47: =VLOOKUP(B47,EFFECTIF!A:X,12,FALSE) -> Démission
B48: 1417 | C48: =VLOOKUP(B48,EFFECTIF!A:X,2,FALSE) -> AABKARI | D48: =VLOOKUP(B48,EFFECTIF!A:X,3,FALSE) -> MOUAD | E48: Nador | F48: =VLOOKUP(B48,EFFECTIF!A:X,5,FALSE) -> Maitrise | G48: =VLOOKUP(B48,EFFECTIF!A:X,10,FALSE) -> 45740 | H48: =VLOOKUP(B48,EFFECTIF!A:X,12,FALSE) -> Démission
B49: Total | F49: =+COUNT(B37:B48) -> 12

Sheet Feuil2
A2: 239 | B2: =+VLOOKUP(A2,EFFECTIF!A:B,2,FALSE) -> BELHASSANI
A3: 309 | B3: =+VLOOKUP(A3,EFFECTIF!A:B,2,FALSE) -> AMDARI
A4: 325 | B4: =+VLOOKUP(A4,EFFECTIF!A:B,2,FALSE) -> LAMRINI
A5: 332 | B5: =+VLOOKUP(A5,EFFECTIF!A:B,2,FALSE) -> RHANJATI
A6: 333 | B6: =+VLOOKUP(A6,EFFECTIF!A:B,2,FALSE) -> BOUAAMAMA
A7: 338 | B7: =+VLOOKUP(A7,EFFECTIF!A:B,2,FALSE) -> AKALAI
A8: 341 | B8: =+VLOOKUP(A8,EFFECTIF!A:B,2,FALSE) -> ALAOUI
A9: 344 | B9: =+VLOOKUP(A9,EFFECTIF!A:B,2,FALSE) -> EL AMMARI
A10: 347 | B10: =+VLOOKUP(A10,EFFECTIF!A:B,2,FALSE) -> AOUANE
A11: 355 | B11: =+VLOOKUP(A11,EFFECTIF!A:B,2,FALSE) -> ALJI
A12: 356 | B12: =+VLOOKUP(A12,EFFECTIF!A:B,2,FALSE) -> IATISSAMI
A13: 357 | B13: =+VLOOKUP(A13,EFFECTIF!A:B,2,FALSE) -> MOUNIB
... A138: 1769 | B138: =+VLOOKUP(A138,EFFECTIF!A:B,2,FALSE) -> HAJJOUBI
